barcode,gc,n,k,homopolymer,gc_min,gc_max
AAACACG,0.42857142857142855,7,2,4,0.3,0.7
AAACAGC,0.42857142857142855,7,2,4,0.3,0.7
AAACCAC,0.42857142857142855,7,2,4,0.3,0.7
AAACCCA,0.42857142857142855,7,2,4,0.3,0.7
AAACCTG,0.42857142857142855,7,2,4,0.3,0.7
AAACCGT,0.42857142857142855,7,2,4,0.3,0.7
AAACTCC,0.42857142857142855,7,2,4,0.3,0.7
AAACTGG,0.42857142857142855,7,2,4,0.3,0.7
AAACGAG,0.42857142857142855,7,2,4,0.3,0.7
AAACGCT,0.42857142857142855,7,2,4,0.3,0.7
AAACGTC,0.42857142857142855,7,2,4,0.3,0.7
AAACGGA,0.42857142857142855,7,2,4,0.3,0.7
AAATCCC,0.42857142857142855,7,2,4,0.3,0.7
AAATCGG,0.42857142857142855,7,2,4,0.3,0.7
AAATGCG,0.42857142857142855,7,2,4,0.3,0.7
AAATGGC,0.42857142857142855,7,2,4,0.3,0.7
AAAGACC,0.42857142857142855,7,2,4,0.3,0.7
AAAGAGG,0.42857142857142855,7,2,4,0.3,0.7
AAAGCAG,0.42857142857142855,7,2,4,0.3,0.7
AAAGCCT,0.42857142857142855,7,2,4,0.3,0.7
AAAGCTC,0.42857142857142855,7,2,4,0.3,0.7
AAAGCGA,0.42857142857142855,7,2,4,0.3,0.7
AAAGTCG,0.42857142857142855,7,2,4,0.3,0.7
AAAGTGC,0.42857142857142855,7,2,4,0.3,0.7
AAAGGAC,0.42857142857142855,7,2,4,0.3,0.7
AAAGGCA,0.42857142857142855,7,2,4,0.3,0.7
AAAGGTG,0.42857142857142855,7,2,4,0.3,0.7
AAAGGGT,0.42857142857142855,7,2,4,0.3,0.7
AACAACC,0.42857142857142855,7,2,4,0.3,0.7
AACAAGG,0.42857142857142855,7,2,4,0.3,0.7
AACACAC,0.42857142857142855,7,2,4,0.3,0.7
AACACCA,0.42857142857142855,7,2,4,0.3,0.7
AACACTG,0.42857142857142855,7,2,4,0.3,0.7
AACACGT,0.42857142857142855,7,2,4,0.3,0.7
AACATCG,0.42857142857142855,7,2,4,0.3,0.7
AACATGC,0.42857142857142855,7,2,4,0.3,0.7
AACAGAG,0.42857142857142855,7,2,4,0.3,0.7
AACAGCT,0.42857142857142855,7,2,4,0.3,0.7
AACAGTC,0.42857142857142855,7,2,4,0.3,0.7
AACAGGA,0.42857142857142855,7,2,4,0.3,0.7
AACCAAC,0.42857142857142855,7,2,4,0.3,0.7
AACCACA,0.42857142857142855,7,2,4,0.3,0.7
AACCATG,0.42857142857142855,7,2,4,0.3,0.7
AACCAGT,0.42857142857142855,7,2,4,0.3,0.7
AACCCAA,0.42857142857142855,7,2,4,0.3,0.7
AACCCTC,0.5714285714285714,7,2,4,0.3,0.7
AACCTAG,0.42857142857142855,7,2,4,0.3,0.7
AACCTCT,0.42857142857142855,7,2,4,0.3,0.7
AACCTGA,0.42857142857142855,7,2,4,0.3,0.7
AACCGAT,0.42857142857142855,7,2,4,0.3,0.7
AACCGTA,0.42857142857142855,7,2,4,0.3,0.7
AACTACG,0.42857142857142855,7,2,4,0.3,0.7
AACTAGC,0.42857142857142855,7,2,4,0.3,0.7
AACTCAG,0.42857142857142855,7,2,4,0.3,0.7
AACTCCT,0.42857142857142855,7,2,4,0.3,0.7
AACTCGA,0.42857142857142855,7,2,4,0.3,0.7
AACTTCC,0.42857142857142855,7,2,4,0.3,0.7
AACTTGG,0.42857142857142855,7,2,4,0.3,0.7
AACTGAC,0.42857142857142855,7,2,4,0.3,0.7
AACTGCA,0.42857142857142855,7,2,4,0.3,0.7
AACTGTG,0.42857142857142855,7,2,4,0.3,0.7
AACTGGT,0.42857142857142855,7,2,4,0.3,0.7
AACGAAG,0.42857142857142855,7,2,4,0.3,0.7
AACGACT,0.42857142857142855,7,2,4,0.3,0.7
AACGATC,0.42857142857142855,7,2,4,0.3,0.7
AACGAGA,0.42857142857142855,7,2,4,0.3,0.7
AACGCAT,0.42857142857142855,7,2,4,0.3,0.7
AACGCTA,0.42857142857142855,7,2,4,0.3,0.7
AACGTAC,0.42857142857142855,7,2,4,0.3,0.7
AACGTCA,0.42857142857142855,7,2,4,0.3,0.7
AACGTTG,0.42857142857142855,7,2,4,0.3,0.7
AACGTGT,0.42857142857142855,7,2,4,0.3,0.7
AACGGAA,0.42857142857142855,7,2,4,0.3,0.7
AACGGTT,0.42857142857142855,7,2,4,0.3,0.7
AATACCC,0.42857142857142855,7,2,4,0.3,0.7
AATACGG,0.42857142857142855,7,2,4,0.3,0.7
AATAGCG,0.42857142857142855,7,2,4,0.3,0.7
AATAGGC,0.42857142857142855,7,2,4,0.3,0.7
AATCACC,0.42857142857142855,7,2,4,0.3,0.7
AATCAGG,0.42857142857142855,7,2,4,0.3,0.7
AATCCAG,0.42857142857142855,7,2,4,0.3,0.7
AATCCCT,0.42857142857142855,7,2,4,0.3,0.7
AATCCGA,0.42857142857142855,7,2,4,0.3,0.7
AATCTCG,0.42857142857142855,7,2,4,0.3,0.7
AATCTGC,0.42857142857142855,7,2,4,0.3,0.7
AATCGAC,0.42857142857142855,7,2,4,0.3,0.7
AATCGCA,0.42857142857142855,7,2,4,0.3,0.7
AATCGTG,0.42857142857142855,7,2,4,0.3,0.7
AATCGGT,0.42857142857142855,7,2,4,0.3,0.7
AATTCCG,0.42857142857142855,7,2,4,0.3,0.7
AATTCGC,0.42857142857142855,7,2,4,0.3,0.7
AATTGCC,0.42857142857142855,7,2,4,0.3,0.7
AATTGGG,0.42857142857142855,7,2,4,0.3,0.7
AATGACG,0.42857142857142855,7,2,4,0.3,0.7
AATGAGC,0.42857142857142855,7,2,4,0.3,0.7
AATGCAC,0.42857142857142855,7,2,4,0.3,0.7
AATGCCA,0.42857142857142855,7,2,4,0.3,0.7
AATGCTG,0.42857142857142855,7,2,4,0.3,0.7
AATGCGT,0.42857142857142855,7,2,4,0.3,0.7
AATGTCC,0.42857142857142855,7,2,4,0.3,0.7
AATGTGG,0.42857142857142855,7,2,4,0.3,0.7
AATGGAG,0.42857142857142855,7,2,4,0.3,0.7
AATGGCT,0.42857142857142855,7,2,4,0.3,0.7
AATGGTC,0.42857142857142855,7,2,4,0.3,0.7
AATGGGA,0.42857142857142855,7,2,4,0.3,0.7
AAGAACG,0.42857142857142855,7,2,4,0.3,0.7
AAGAAGC,0.42857142857142855,7,2,4,0.3,0.7
AAGACAG,0.42857142857142855,7,2,4,0.3,0.7
AAGACCT,0.42857142857142855,7,2,4,0.3,0.7
AAGACTC,0.42857142857142855,7,2,4,0.3,0.7
AAGACGA,0.42857142857142855,7,2,4,0.3,0.7
AAGATCC,0.42857142857142855,7,2,4,0.3,0.7
AAGATGG,0.42857142857142855,7,2,4,0.3,0.7
AAGAGAC,0.42857142857142855,7,2,4,0.3,0.7
AAGAGCA,0.42857142857142855,7,2,4,0.3,0.7
AAGAGTG,0.42857142857142855,7,2,4,0.3,0.7
AAGAGGT,0.42857142857142855,7,2,4,0.3,0.7
AAGCAAG,0.42857142857142855,7,2,4,0.3,0.7
AAGCACT,0.42857142857142855,7,2,4,0.3,0.7
AAGCATC,0.42857142857142855,7,2,4,0.3,0.7
AAGCAGA,0.42857142857142855,7,2,4,0.3,0.7
AAGCCAT,0.42857142857142855,7,2,4,0.3,0.7
AAGCCTA,0.42857142857142855,7,2,4,0.3,0.7
AAGCTAC,0.42857142857142855,7,2,4,0.3,0.7
AAGCTCA,0.42857142857142855,7,2,4,0.3,0.7
AAGCTTG,0.42857142857142855,7,2,4,0.3,0.7
AAGCTGT,0.42857142857142855,7,2,4,0.3,0.7
AAGCGAA,0.42857142857142855,7,2,4,0.3,0.7
AAGCGTT,0.42857142857142855,7,2,4,0.3,0.7
AAGTACC,0.42857142857142855,7,2,4,0.3,0.7
AAGTAGG,0.42857142857142855,7,2,4,0.3,0.7
AAGTCAC,0.42857142857142855,7,2,4,0.3,0.7
AAGTCCA,0.42857142857142855,7,2,4,0.3,0.7
AAGTCTG,0.42857142857142855,7,2,4,0.3,0.7
AAGTCGT,0.42857142857142855,7,2,4,0.3,0.7
AAGTTCG,0.42857142857142855,7,2,4,0.3,0.7
AAGTTGC,0.42857142857142855,7,2,4,0.3,0.7
AAGTGAG,0.42857142857142855,7,2,4,0.3,0.7
AAGTGCT,0.42857142857142855,7,2,4,0.3,0.7
AAGTGTC,0.42857142857142855,7,2,4,0.3,0.7
AAGTGGA,0.42857142857142855,7,2,4,0.3,0.7
AAGGAAC,0.42857142857142855,7,2,4,0.3,0.7
AAGGACA,0.42857142857142855,7,2,4,0.3,0.7
AAGGATG,0.42857142857142855,7,2,4,0.3,0.7
AAGGAGT,0.42857142857142855,7,2,4,0.3,0.7
AAGGCAA,0.42857142857142855,7,2,4,0.3,0.7
AAGGCTT,0.42857142857142855,7,2,4,0.3,0.7
AAGGTAG,0.42857142857142855,7,2,4,0.3,0.7
AAGGTCT,0.42857142857142855,7,2,4,0.3,0.7
AAGGTTC,0.42857142857142855,7,2,4,0.3,0.7
AAGGTGA,0.42857142857142855,7,2,4,0.3,0.7
AAGGGAT,0.42857142857142855,7,2,4,0.3,0.7
AAGGGTA,0.42857142857142855,7,2,4,0.3,0.7
ACAAACC,0.42857142857142855,7,2,4,0.3,0.7
ACAAAGG,0.42857142857142855,7,2,4,0.3,0.7
ACAACAC,0.42857142857142855,7,2,4,0.3,0.7
ACAACCA,0.42857142857142855,7,2,4,0.3,0.7
ACAACTG,0.42857142857142855,7,2,4,0.3,0.7
ACAACGT,0.42857142857142855,7,2,4,0.3,0.7
ACAATCG,0.42857142857142855,7,2,4,0.3,0.7
ACAATGC,0.42857142857142855,7,2,4,0.3,0.7
ACAAGAG,0.42857142857142855,7,2,4,0.3,0.7
ACAAGCT,0.42857142857142855,7,2,4,0.3,0.7
ACAAGTC,0.42857142857142855,7,2,4,0.3,0.7
ACAAGGA,0.42857142857142855,7,2,4,0.3,0.7
ACACAAC,0.42857142857142855,7,2,4,0.3,0.7
ACACACA,0.42857142857142855,7,2,4,0.3,0.7
ACACATG,0.42857142857142855,7,2,4,0.3,0.7
ACACAGT,0.42857142857142855,7,2,4,0.3,0.7
ACACCAA,0.42857142857142855,7,2,4,0.3,0.7
ACACCCT,0.5714285714285714,7,2,4,0.3,0.7
ACACCTC,0.5714285714285714,7,2,4,0.3,0.7
ACACTAG,0.42857142857142855,7,2,4,0.3,0.7
ACACTGA,0.42857142857142855,7,2,4,0.3,0.7
ACACGAT,0.42857142857142855,7,2,4,0.3,0.7
ACACGTA,0.42857142857142855,7,2,4,0.3,0.7
ACATACG,0.42857142857142855,7,2,4,0.3,0.7
ACATAGC,0.42857142857142855,7,2,4,0.3,0.7
ACATCAG,0.42857142857142855,7,2,4,0.3,0.7
ACATCGA,0.42857142857142855,7,2,4,0.3,0.7
ACATTCC,0.42857142857142855,7,2,4,0.3,0.7
ACATTGG,0.42857142857142855,7,2,4,0.3,0.7
ACATGAC,0.42857142857142855,7,2,4,0.3,0.7
ACATGCA,0.42857142857142855,7,2,4,0.3,0.7
ACATGTG,0.42857142857142855,7,2,4,0.3,0.7
ACATGGT,0.42857142857142855,7,2,4,0.3,0.7
ACAGAAG,0.42857142857142855,7,2,4,0.3,0.7
ACAGACT,0.42857142857142855,7,2,4,0.3,0.7
ACAGATC,0.42857142857142855,7,2,4,0.3,0.7
ACAGAGA,0.42857142857142855,7,2,4,0.3,0.7
ACAGCAT,0.42857142857142855,7,2,4,0.3,0.7
ACAGCTA,0.42857142857142855,7,2,4,0.3,0.7
ACAGTAC,0.42857142857142855,7,2,4,0.3,0.7
ACAGTCA,0.42857142857142855,7,2,4,0.3,0.7
ACAGTTG,0.42857142857142855,7,2,4,0.3,0.7
ACAGTGT,0.42857142857142855,7,2,4,0.3,0.7
ACAGGAA,0.42857142857142855,7,2,4,0.3,0.7
ACAGGTT,0.42857142857142855,7,2,4,0.3,0.7
ACCAAAC,0.42857142857142855,7,2,4,0.3,0.7
ACCAACA,0.42857142857142855,7,2,4,0.3,0.7
ACCAATG,0.42857142857142855,7,2,4,0.3,0.7
ACCAAGT,0.42857142857142855,7,2,4,0.3,0.7
ACCACAA,0.42857142857142855,7,2,4,0.3,0.7
ACCACCT,0.5714285714285714,7,2,4,0.3,0.7
ACCACTC,0.5714285714285714,7,2,4,0.3,0.7
ACCATAG,0.42857142857142855,7,2,4,0.3,0.7
ACCATCC,0.5714285714285714,7,2,4,0.3,0.7
ACCATGA,0.42857142857142855,7,2,4,0.3,0.7
ACCAGAT,0.42857142857142855,7,2,4,0.3,0.7
ACCAGTA,0.42857142857142855,7,2,4,0.3,0.7
ACCCAAA,0.42857142857142855,7,2,4,0.3,0.7
ACCCACT,0.5714285714285714,7,2,4,0.3,0.7
ACCCATC,0.5714285714285714,7,2,4,0.3,0.7
ACCCTAC,0.5714285714285714,7,2,4,0.3,0.7
ACCCTCA,0.5714285714285714,7,2,4,0.3,0.7
ACCCTTT,0.42857142857142855,7,2,4,0.3,0.7
ACCTAAG,0.42857142857142855,7,2,4,0.3,0.7
ACCTACC,0.5714285714285714,7,2,4,0.3,0.7
ACCTAGA,0.42857142857142855,7,2,4,0.3,0.7
ACCTCAC,0.5714285714285714,7,2,4,0.3,0.7
ACCTCCA,0.5714285714285714,7,2,4,0.3,0.7
ACCTCTT,0.42857142857142855,7,2,4,0.3,0.7
ACCTTCT,0.42857142857142855,7,2,4,0.3,0.7
ACCTTTC,0.42857142857142855,7,2,4,0.3,0.7
ACCTGAA,0.42857142857142855,7,2,4,0.3,0.7
ACCGAAT,0.42857142857142855,7,2,4,0.3,0.7
ACCGATA,0.42857142857142855,7,2,4,0.3,0.7
ACCGTAA,0.42857142857142855,7,2,4,0.3,0.7
ACTAACG,0.42857142857142855,7,2,4,0.3,0.7
ACTAAGC,0.42857142857142855,7,2,4,0.3,0.7
ACTACAG,0.42857142857142855,7,2,4,0.3,0.7
ACTACGA,0.42857142857142855,7,2,4,0.3,0.7
ACTATGG,0.42857142857142855,7,2,4,0.3,0.7
ACTAGAC,0.42857142857142855,7,2,4,0.3,0.7
ACTAGCA,0.42857142857142855,7,2,4,0.3,0.7
ACTAGTG,0.42857142857142855,7,2,4,0.3,0.7
ACTAGGT,0.42857142857142855,7,2,4,0.3,0.7
ACTCAAG,0.42857142857142855,7,2,4,0.3,0.7
ACTCAGA,0.42857142857142855,7,2,4,0.3,0.7
ACTCCAC,0.5714285714285714,7,2,4,0.3,0.7
ACTCCCA,0.5714285714285714,7,2,4,0.3,0.7
ACTCCTT,0.42857142857142855,7,2,4,0.3,0.7
ACTCTCC,0.5714285714285714,7,2,4,0.3,0.7
ACTCTTG,0.42857142857142855,7,2,4,0.3,0.7
ACTCTGT,0.42857142857142855,7,2,4,0.3,0.7
ACTCGAA,0.42857142857142855,7,2,4,0.3,0.7
ACTCGCT,0.5714285714285714,7,2,4,0.3,0.7
ACTCGTC,0.5714285714285714,7,2,4,0.3,0.7
ACTTAGG,0.42857142857142855,7,2,4,0.3,0.7
ACTTCCC,0.5714285714285714,7,2,4,0.3,0.7
ACTTCTG,0.42857142857142855,7,2,4,0.3,0.7
ACTTCGT,0.42857142857142855,7,2,4,0.3,0.7
ACTTTCG,0.42857142857142855,7,2,4,0.3,0.7
ACTTTGC,0.42857142857142855,7,2,4,0.3,0.7
ACTTGAG,0.42857142857142855,7,2,4,0.3,0.7
ACTTGGA,0.42857142857142855,7,2,4,0.3,0.7
ACTGAAC,0.42857142857142855,7,2,4,0.3,0.7
ACTGACA,0.42857142857142855,7,2,4,0.3,0.7
ACTGATG,0.42857142857142855,7,2,4,0.3,0.7
ACTGAGT,0.42857142857142855,7,2,4,0.3,0.7
ACTGCAA,0.42857142857142855,7,2,4,0.3,0.7
ACTGCCT,0.5714285714285714,7,2,4,0.3,0.7
ACTGCTC,0.5714285714285714,7,2,4,0.3,0.7
ACTGTAG,0.42857142857142855,7,2,4,0.3,0.7
ACTGTGA,0.42857142857142855,7,2,4,0.3,0.7
ACTGGAT,0.42857142857142855,7,2,4,0.3,0.7
ACTGGTA,0.42857142857142855,7,2,4,0.3,0.7
ACGAAAG,0.42857142857142855,7,2,4,0.3,0.7
ACGAACT,0.42857142857142855,7,2,4,0.3,0.7
ACGAATC,0.42857142857142855,7,2,4,0.3,0.7
ACGAAGA,0.42857142857142855,7,2,4,0.3,0.7
ACGACAT,0.42857142857142855,7,2,4,0.3,0.7
ACGACTA,0.42857142857142855,7,2,4,0.3,0.7
ACGATAC,0.42857142857142855,7,2,4,0.3,0.7
ACGATCA,0.42857142857142855,7,2,4,0.3,0.7
ACGATTG,0.42857142857142855,7,2,4,0.3,0.7
ACGATGT,0.42857142857142855,7,2,4,0.3,0.7
ACGAGAA,0.42857142857142855,7,2,4,0.3,0.7
ACGAGTT,0.42857142857142855,7,2,4,0.3,0.7
ACGCAAT,0.42857142857142855,7,2,4,0.3,0.7
ACGCATA,0.42857142857142855,7,2,4,0.3,0.7
ACGCTAA,0.42857142857142855,7,2,4,0.3,0.7
ACGCTCT,0.5714285714285714,7,2,4,0.3,0.7
ACGCTTC,0.5714285714285714,7,2,4,0.3,0.7
ACGTAAC,0.42857142857142855,7,2,4,0.3,0.7
ACGTACA,0.42857142857142855,7,2,4,0.3,0.7
ACGTATG,0.42857142857142855,7,2,4,0.3,0.7
ACGTAGT,0.42857142857142855,7,2,4,0.3,0.7
ACGTCAA,0.42857142857142855,7,2,4,0.3,0.7
ACGTCCT,0.5714285714285714,7,2,4,0.3,0.7
ACGTCTC,0.5714285714285714,7,2,4,0.3,0.7
ACGTTAG,0.42857142857142855,7,2,4,0.3,0.7
ACGTTGA,0.42857142857142855,7,2,4,0.3,0.7
ACGTGAT,0.42857142857142855,7,2,4,0.3,0.7
ACGTGTA,0.42857142857142855,7,2,4,0.3,0.7
ACGGAAA,0.42857142857142855,7,2,4,0.3,0.7
ACGGATT,0.42857142857142855,7,2,4,0.3,0.7
ACGGTAT,0.42857142857142855,7,2,4,0.3,0.7
ACGGTTA,0.42857142857142855,7,2,4,0.3,0.7
ATAACCC,0.42857142857142855,7,2,4,0.3,0.7
ATAACGG,0.42857142857142855,7,2,4,0.3,0.7
ATAAGCG,0.42857142857142855,7,2,4,0.3,0.7
ATAAGGC,0.42857142857142855,7,2,4,0.3,0.7
ATACACC,0.42857142857142855,7,2,4,0.3,0.7
ATACAGG,0.42857142857142855,7,2,4,0.3,0.7
ATACCAG,0.42857142857142855,7,2,4,0.3,0.7
ATACCGA,0.42857142857142855,7,2,4,0.3,0.7
ATACTCG,0.42857142857142855,7,2,4,0.3,0.7
ATACTGC,0.42857142857142855,7,2,4,0.3,0.7
ATACGAC,0.42857142857142855,7,2,4,0.3,0.7
ATACGCA,0.42857142857142855,7,2,4,0.3,0.7
ATACGTG,0.42857142857142855,7,2,4,0.3,0.7
ATACGGT,0.42857142857142855,7,2,4,0.3,0.7
ATATCCG,0.42857142857142855,7,2,4,0.3,0.7
ATATCGC,0.42857142857142855,7,2,4,0.3,0.7
ATATGCC,0.42857142857142855,7,2,4,0.3,0.7
ATATGGG,0.42857142857142855,7,2,4,0.3,0.7
ATAGACG,0.42857142857142855,7,2,4,0.3,0.7
ATAGAGC,0.42857142857142855,7,2,4,0.3,0.7
ATAGCAC,0.42857142857142855,7,2,4,0.3,0.7
ATAGCCA,0.42857142857142855,7,2,4,0.3,0.7
ATAGCTG,0.42857142857142855,7,2,4,0.3,0.7
ATAGCGT,0.42857142857142855,7,2,4,0.3,0.7
ATAGTCC,0.42857142857142855,7,2,4,0.3,0.7
ATAGTGG,0.42857142857142855,7,2,4,0.3,0.7
ATAGGAG,0.42857142857142855,7,2,4,0.3,0.7
ATAGGCT,0.42857142857142855,7,2,4,0.3,0.7
ATAGGTC,0.42857142857142855,7,2,4,0.3,0.7
ATAGGGA,0.42857142857142855,7,2,4,0.3,0.7
ATCAACG,0.42857142857142855,7,2,4,0.3,0.7
ATCAAGC,0.42857142857142855,7,2,4,0.3,0.7
ATCACAG,0.42857142857142855,7,2,4,0.3,0.7
ATCACGA,0.42857142857142855,7,2,4,0.3,0.7
ATCATGG,0.42857142857142855,7,2,4,0.3,0.7
ATCAGAC,0.42857142857142855,7,2,4,0.3,0.7
ATCAGCA,0.42857142857142855,7,2,4,0.3,0.7
ATCAGTG,0.42857142857142855,7,2,4,0.3,0.7
ATCAGGT,0.42857142857142855,7,2,4,0.3,0.7
ATCCAAG,0.42857142857142855,7,2,4,0.3,0.7
ATCCAGA,0.42857142857142855,7,2,4,0.3,0.7
ATCCCAC,0.5714285714285714,7,2,4,0.3,0.7
ATCCCTA,0.42857142857142855,7,2,4,0.3,0.7
ATCCCGT,0.5714285714285714,7,2,4,0.3,0.7
ATCCTCC,0.5714285714285714,7,2,4,0.3,0.7
ATCCTTG,0.42857142857142855,7,2,4,0.3,0.7
ATCCGAA,0.42857142857142855,7,2,4,0.3,0.7
ATCCGCT,0.5714285714285714,7,2,4,0.3,0.7
ATCCGTC,0.5714285714285714,7,2,4,0.3,0.7
ATCTAGG,0.42857142857142855,7,2,4,0.3,0.7
ATCTCCC,0.5714285714285714,7,2,4,0.3,0.7
ATCTCTG,0.42857142857142855,7,2,4,0.3,0.7
ATCTTCG,0.42857142857142855,7,2,4,0.3,0.7
ATCTTGC,0.42857142857142855,7,2,4,0.3,0.7
ATCTGAG,0.42857142857142855,7,2,4,0.3,0.7
ATCTGGA,0.42857142857142855,7,2,4,0.3,0.7
ATCGAAC,0.42857142857142855,7,2,4,0.3,0.7
ATCGACA,0.42857142857142855,7,2,4,0.3,0.7
ATCGATG,0.42857142857142855,7,2,4,0.3,0.7
ATCGAGT,0.42857142857142855,7,2,4,0.3,0.7
ATCGCAA,0.42857142857142855,7,2,4,0.3,0.7
ATCGCCT,0.5714285714285714,7,2,4,0.3,0.7
ATCGCTC,0.5714285714285714,7,2,4,0.3,0.7
ATCGTAG,0.42857142857142855,7,2,4,0.3,0.7
ATCGTGA,0.42857142857142855,7,2,4,0.3,0.7
ATCGGAT,0.42857142857142855,7,2,4,0.3,0.7
ATCGGTA,0.42857142857142855,7,2,4,0.3,0.7
ATTACCG,0.42857142857142855,7,2,4,0.3,0.7
ATTACGC,0.42857142857142855,7,2,4,0.3,0.7
ATTAGCC,0.42857142857142855,7,2,4,0.3,0.7
ATTAGGG,0.42857142857142855,7,2,4,0.3,0.7
ATTCACG,0.42857142857142855,7,2,4,0.3,0.7
ATTCAGC,0.42857142857142855,7,2,4,0.3,0.7
ATTCCTC,0.42857142857142855,7,2,4,0.3,0.7
ATTCCGG,0.5714285714285714,7,2,4,0.3,0.7
ATTCGAG,0.42857142857142855,7,2,4,0.3,0.7
ATTCGGA,0.42857142857142855,7,2,4,0.3,0.7
ATTTGCG,0.42857142857142855,7,2,4,0.3,0.7
ATTTGGC,0.42857142857142855,7,2,4,0.3,0.7
ATTGACC,0.42857142857142855,7,2,4,0.3,0.7
ATTGAGG,0.42857142857142855,7,2,4,0.3,0.7
ATTGCAG,0.42857142857142855,7,2,4,0.3,0.7
ATTGCGA,0.42857142857142855,7,2,4,0.3,0.7
ATTGTCG,0.42857142857142855,7,2,4,0.3,0.7
ATTGTGC,0.42857142857142855,7,2,4,0.3,0.7
ATTGGAC,0.42857142857142855,7,2,4,0.3,0.7
ATTGGCA,0.42857142857142855,7,2,4,0.3,0.7
ATTGGTG,0.42857142857142855,7,2,4,0.3,0.7
ATTGGGT,0.42857142857142855,7,2,4,0.3,0.7
ATGAACC,0.42857142857142855,7,2,4,0.3,0.7
ATGAAGG,0.42857142857142855,7,2,4,0.3,0.7
ATGACAC,0.42857142857142855,7,2,4,0.3,0.7
ATGACCA,0.42857142857142855,7,2,4,0.3,0.7
ATGACTG,0.42857142857142855,7,2,4,0.3,0.7
ATGACGT,0.42857142857142855,7,2,4,0.3,0.7
ATGATCG,0.42857142857142855,7,2,4,0.3,0.7
ATGATGC,0.42857142857142855,7,2,4,0.3,0.7
ATGAGAG,0.42857142857142855,7,2,4,0.3,0.7
ATGAGCT,0.42857142857142855,7,2,4,0.3,0.7
ATGAGTC,0.42857142857142855,7,2,4,0.3,0.7
ATGAGGA,0.42857142857142855,7,2,4,0.3,0.7
ATGCAAC,0.42857142857142855,7,2,4,0.3,0.7
ATGCACA,0.42857142857142855,7,2,4,0.3,0.7
ATGCATG,0.42857142857142855,7,2,4,0.3,0.7
ATGCAGT,0.42857142857142855,7,2,4,0.3,0.7
ATGCCAA,0.42857142857142855,7,2,4,0.3,0.7
ATGCCCT,0.5714285714285714,7,2,4,0.3,0.7
ATGCTAG,0.42857142857142855,7,2,4,0.3,0.7
ATGCTGA,0.42857142857142855,7,2,4,0.3,0.7
ATGCGAT,0.42857142857142855,7,2,4,0.3,0.7
ATGCGTA,0.42857142857142855,7,2,4,0.3,0.7
ATGTACG,0.42857142857142855,7,2,4,0.3,0.7
ATGTAGC,0.42857142857142855,7,2,4,0.3,0.7
ATGTCAG,0.42857142857142855,7,2,4,0.3,0.7
ATGTCGA,0.42857142857142855,7,2,4,0.3,0.7
ATGTTCC,0.42857142857142855,7,2,4,0.3,0.7
ATGTTGG,0.42857142857142855,7,2,4,0.3,0.7
ATGTGAC,0.42857142857142855,7,2,4,0.3,0.7
ATGTGCA,0.42857142857142855,7,2,4,0.3,0.7
ATGTGTG,0.42857142857142855,7,2,4,0.3,0.7
ATGTGGT,0.42857142857142855,7,2,4,0.3,0.7
ATGGAAG,0.42857142857142855,7,2,4,0.3,0.7
ATGGACT,0.42857142857142855,7,2,4,0.3,0.7
ATGGATC,0.42857142857142855,7,2,4,0.3,0.7
ATGGAGA,0.42857142857142855,7,2,4,0.3,0.7
ATGGCAT,0.42857142857142855,7,2,4,0.3,0.7
ATGGCTA,0.42857142857142855,7,2,4,0.3,0.7
ATGGTAC,0.42857142857142855,7,2,4,0.3,0.7
ATGGTCA,0.42857142857142855,7,2,4,0.3,0.7
ATGGTTG,0.42857142857142855,7,2,4,0.3,0.7
ATGGTGT,0.42857142857142855,7,2,4,0.3,0.7
ATGGGAA,0.42857142857142855,7,2,4,0.3,0.7
ATGGGTT,0.42857142857142855,7,2,4,0.3,0.7
AGAAACG,0.42857142857142855,7,2,4,0.3,0.7
AGAAAGC,0.42857142857142855,7,2,4,0.3,0.7
AGAACAG,0.42857142857142855,7,2,4,0.3,0.7
AGAACCT,0.42857142857142855,7,2,4,0.3,0.7
AGAACTC,0.42857142857142855,7,2,4,0.3,0.7
AGAACGA,0.42857142857142855,7,2,4,0.3,0.7
AGAATCC,0.42857142857142855,7,2,4,0.3,0.7
AGAATGG,0.42857142857142855,7,2,4,0.3,0.7
AGAAGAC,0.42857142857142855,7,2,4,0.3,0.7
AGAAGCA,0.42857142857142855,7,2,4,0.3,0.7
AGAAGTG,0.42857142857142855,7,2,4,0.3,0.7
AGAAGGT,0.42857142857142855,7,2,4,0.3,0.7
AGACAAG,0.42857142857142855,7,2,4,0.3,0.7
AGACACT,0.42857142857142855,7,2,4,0.3,0.7
AGACATC,0.42857142857142855,7,2,4,0.3,0.7
AGACAGA,0.42857142857142855,7,2,4,0.3,0.7
AGACCAT,0.42857142857142855,7,2,4,0.3,0.7
AGACCTA,0.42857142857142855,7,2,4,0.3,0.7
AGACTAC,0.42857142857142855,7,2,4,0.3,0.7
AGACTCA,0.42857142857142855,7,2,4,0.3,0.7
AGACTTG,0.42857142857142855,7,2,4,0.3,0.7
AGACTGT,0.42857142857142855,7,2,4,0.3,0.7
AGACGAA,0.42857142857142855,7,2,4,0.3,0.7
AGACGTT,0.42857142857142855,7,2,4,0.3,0.7
AGATACC,0.42857142857142855,7,2,4,0.3,0.7
AGATAGG,0.42857142857142855,7,2,4,0.3,0.7
AGATCAC,0.42857142857142855,7,2,4,0.3,0.7
AGATCCA,0.42857142857142855,7,2,4,0.3,0.7
AGATCTG,0.42857142857142855,7,2,4,0.3,0.7
AGATCGT,0.42857142857142855,7,2,4,0.3,0.7
AGATTCG,0.42857142857142855,7,2,4,0.3,0.7
AGATTGC,0.42857142857142855,7,2,4,0.3,0.7
AGATGAG,0.42857142857142855,7,2,4,0.3,0.7
AGATGCT,0.42857142857142855,7,2,4,0.3,0.7
AGATGTC,0.42857142857142855,7,2,4,0.3,0.7
AGATGGA,0.42857142857142855,7,2,4,0.3,0.7
AGAGAAC,0.42857142857142855,7,2,4,0.3,0.7
AGAGACA,0.42857142857142855,7,2,4,0.3,0.7
AGAGATG,0.42857142857142855,7,2,4,0.3,0.7
AGAGAGT,0.42857142857142855,7,2,4,0.3,0.7
AGAGCAA,0.42857142857142855,7,2,4,0.3,0.7
AGAGCTT,0.42857142857142855,7,2,4,0.3,0.7
AGAGTAG,0.42857142857142855,7,2,4,0.3,0.7
AGAGTCT,0.42857142857142855,7,2,4,0.3,0.7
AGAGTTC,0.42857142857142855,7,2,4,0.3,0.7
AGAGTGA,0.42857142857142855,7,2,4,0.3,0.7
AGAGGAT,0.42857142857142855,7,2,4,0.3,0.7
AGAGGTA,0.42857142857142855,7,2,4,0.3,0.7
AGCAAAG,0.42857142857142855,7,2,4,0.3,0.7
AGCAACT,0.42857142857142855,7,2,4,0.3,0.7
AGCAATC,0.42857142857142855,7,2,4,0.3,0.7
AGCAAGA,0.42857142857142855,7,2,4,0.3,0.7
AGCACAT,0.42857142857142855,7,2,4,0.3,0.7
AGCACTA,0.42857142857142855,7,2,4,0.3,0.7
AGCATAC,0.42857142857142855,7,2,4,0.3,0.7
AGCATCA,0.42857142857142855,7,2,4,0.3,0.7
AGCATTG,0.42857142857142855,7,2,4,0.3,0.7
AGCATGT,0.42857142857142855,7,2,4,0.3,0.7
AGCAGAA,0.42857142857142855,7,2,4,0.3,0.7
AGCAGTT,0.42857142857142855,7,2,4,0.3,0.7
AGCCAAT,0.42857142857142855,7,2,4,0.3,0.7
AGCCATA,0.42857142857142855,7,2,4,0.3,0.7
AGCCCTT,0.5714285714285714,7,2,4,0.3,0.7
AGCCTAA,0.42857142857142855,7,2,4,0.3,0.7
AGCCTTC,0.5714285714285714,7,2,4,0.3,0.7
AGCTAAC,0.42857142857142855,7,2,4,0.3,0.7
AGCTACA,0.42857142857142855,7,2,4,0.3,0.7
AGCTATG,0.42857142857142855,7,2,4,0.3,0.7
AGCTAGT,0.42857142857142855,7,2,4,0.3,0.7
AGCTCAA,0.42857142857142855,7,2,4,0.3,0.7
AGCTCTC,0.5714285714285714,7,2,4,0.3,0.7
AGCTTAG,0.42857142857142855,7,2,4,0.3,0.7
AGCTTGA,0.42857142857142855,7,2,4,0.3,0.7
AGCTGAT,0.42857142857142855,7,2,4,0.3,0.7
AGCTGTA,0.42857142857142855,7,2,4,0.3,0.7
AGCGAAA,0.42857142857142855,7,2,4,0.3,0.7
AGCGATT,0.42857142857142855,7,2,4,0.3,0.7
AGCGTAT,0.42857142857142855,7,2,4,0.3,0.7
AGCGTTA,0.42857142857142855,7,2,4,0.3,0.7
AGTAACC,0.42857142857142855,7,2,4,0.3,0.7
AGTAAGG,0.42857142857142855,7,2,4,0.3,0.7
AGTACAC,0.42857142857142855,7,2,4,0.3,0.7
AGTACCA,0.42857142857142855,7,2,4,0.3,0.7
AGTACTG,0.42857142857142855,7,2,4,0.3,0.7
AGTACGT,0.42857142857142855,7,2,4,0.3,0.7
AGTATCG,0.42857142857142855,7,2,4,0.3,0.7
AGTATGC,0.42857142857142855,7,2,4,0.3,0.7
AGTAGAG,0.42857142857142855,7,2,4,0.3,0.7
AGTAGCT,0.42857142857142855,7,2,4,0.3,0.7
AGTAGTC,0.42857142857142855,7,2,4,0.3,0.7
AGTAGGA,0.42857142857142855,7,2,4,0.3,0.7
AGTCAAC,0.42857142857142855,7,2,4,0.3,0.7
AGTCACA,0.42857142857142855,7,2,4,0.3,0.7
AGTCATG,0.42857142857142855,7,2,4,0.3,0.7
AGTCAGT,0.42857142857142855,7,2,4,0.3,0.7
AGTCCAA,0.42857142857142855,7,2,4,0.3,0.7
AGTCTAG,0.42857142857142855,7,2,4,0.3,0.7
AGTCTCT,0.42857142857142855,7,2,4,0.3,0.7
AGTCTGA,0.42857142857142855,7,2,4,0.3,0.7
AGTCGAT,0.42857142857142855,7,2,4,0.3,0.7
AGTCGTA,0.42857142857142855,7,2,4,0.3,0.7
AGTTACG,0.42857142857142855,7,2,4,0.3,0.7
AGTTAGC,0.42857142857142855,7,2,4,0.3,0.7
AGTTCAG,0.42857142857142855,7,2,4,0.3,0.7
AGTTCCT,0.42857142857142855,7,2,4,0.3,0.7
AGTTCGA,0.42857142857142855,7,2,4,0.3,0.7
AGTTTCC,0.42857142857142855,7,2,4,0.3,0.7
AGTTTGG,0.42857142857142855,7,2,4,0.3,0.7
AGTTGAC,0.42857142857142855,7,2,4,0.3,0.7
AGTTGCA,0.42857142857142855,7,2,4,0.3,0.7
AGTTGTG,0.42857142857142855,7,2,4,0.3,0.7
AGTTGGT,0.42857142857142855,7,2,4,0.3,0.7
AGTGAAG,0.42857142857142855,7,2,4,0.3,0.7
AGTGACT,0.42857142857142855,7,2,4,0.3,0.7
AGTGATC,0.42857142857142855,7,2,4,0.3,0.7
AGTGAGA,0.42857142857142855,7,2,4,0.3,0.7
AGTGCAT,0.42857142857142855,7,2,4,0.3,0.7
AGTGCTA,0.42857142857142855,7,2,4,0.3,0.7
AGTGTAC,0.42857142857142855,7,2,4,0.3,0.7
AGTGTCA,0.42857142857142855,7,2,4,0.3,0.7
AGTGTTG,0.42857142857142855,7,2,4,0.3,0.7
AGTGTGT,0.42857142857142855,7,2,4,0.3,0.7
AGTGGAA,0.42857142857142855,7,2,4,0.3,0.7
AGTGGTT,0.42857142857142855,7,2,4,0.3,0.7
AGGAAAC,0.42857142857142855,7,2,4,0.3,0.7
AGGAACA,0.42857142857142855,7,2,4,0.3,0.7
AGGAATG,0.42857142857142855,7,2,4,0.3,0.7
AGGAAGT,0.42857142857142855,7,2,4,0.3,0.7
AGGACAA,0.42857142857142855,7,2,4,0.3,0.7
AGGACTT,0.42857142857142855,7,2,4,0.3,0.7
AGGATAG,0.42857142857142855,7,2,4,0.3,0.7
AGGATCT,0.42857142857142855,7,2,4,0.3,0.7
AGGATTC,0.42857142857142855,7,2,4,0.3,0.7
AGGATGA,0.42857142857142855,7,2,4,0.3,0.7
AGGAGAT,0.42857142857142855,7,2,4,0.3,0.7
AGGAGTA,0.42857142857142855,7,2,4,0.3,0.7
AGGCAAA,0.42857142857142855,7,2,4,0.3,0.7
AGGCATT,0.42857142857142855,7,2,4,0.3,0.7
AGGCTAT,0.42857142857142855,7,2,4,0.3,0.7
AGGCTTA,0.42857142857142855,7,2,4,0.3,0.7
AGGTAAG,0.42857142857142855,7,2,4,0.3,0.7
AGGTACT,0.42857142857142855,7,2,4,0.3,0.7
AGGTATC,0.42857142857142855,7,2,4,0.3,0.7
AGGTAGA,0.42857142857142855,7,2,4,0.3,0.7
AGGTCAT,0.42857142857142855,7,2,4,0.3,0.7
AGGTCTA,0.42857142857142855,7,2,4,0.3,0.7
AGGTTAC,0.42857142857142855,7,2,4,0.3,0.7
AGGTTCA,0.42857142857142855,7,2,4,0.3,0.7
AGGTTTG,0.42857142857142855,7,2,4,0.3,0.7
AGGTTGT,0.42857142857142855,7,2,4,0.3,0.7
AGGTGAA,0.42857142857142855,7,2,4,0.3,0.7
AGGTGTT,0.42857142857142855,7,2,4,0.3,0.7
AGGGAAT,0.42857142857142855,7,2,4,0.3,0.7
AGGGATA,0.42857142857142855,7,2,4,0.3,0.7
AGGGTAA,0.42857142857142855,7,2,4,0.3,0.7
AGGGTTT,0.42857142857142855,7,2,4,0.3,0.7
CAAACAC,0.42857142857142855,7,2,4,0.3,0.7
CAAACCA,0.42857142857142855,7,2,4,0.3,0.7
CAAACTG,0.42857142857142855,7,2,4,0.3,0.7
CAAACGT,0.42857142857142855,7,2,4,0.3,0.7
CAAATCC,0.42857142857142855,7,2,4,0.3,0.7
CAAATGG,0.42857142857142855,7,2,4,0.3,0.7
CAAAGAG,0.42857142857142855,7,2,4,0.3,0.7
CAAAGCT,0.42857142857142855,7,2,4,0.3,0.7
CAAAGTC,0.42857142857142855,7,2,4,0.3,0.7
CAAAGGA,0.42857142857142855,7,2,4,0.3,0.7
CAACAAC,0.42857142857142855,7,2,4,0.3,0.7
CAACACA,0.42857142857142855,7,2,4,0.3,0.7
CAACATG,0.42857142857142855,7,2,4,0.3,0.7
CAACAGT,0.42857142857142855,7,2,4,0.3,0.7
CAACCAA,0.42857142857142855,7,2,4,0.3,0.7
CAACCCT,0.5714285714285714,7,2,4,0.3,0.7
CAACCTC,0.5714285714285714,7,2,4,0.3,0.7
CAACTAG,0.42857142857142855,7,2,4,0.3,0.7
CAACTGA,0.42857142857142855,7,2,4,0.3,0.7
CAACGAT,0.42857142857142855,7,2,4,0.3,0.7
CAACGTA,0.42857142857142855,7,2,4,0.3,0.7
CAATACC,0.42857142857142855,7,2,4,0.3,0.7
CAATAGG,0.42857142857142855,7,2,4,0.3,0.7
CAATCAG,0.42857142857142855,7,2,4,0.3,0.7
CAATCGA,0.42857142857142855,7,2,4,0.3,0.7
CAATTCG,0.42857142857142855,7,2,4,0.3,0.7
CAATTGC,0.42857142857142855,7,2,4,0.3,0.7
CAATGAC,0.42857142857142855,7,2,4,0.3,0.7
CAATGCA,0.42857142857142855,7,2,4,0.3,0.7
CAATGTG,0.42857142857142855,7,2,4,0.3,0.7
CAATGGT,0.42857142857142855,7,2,4,0.3,0.7
CAAGAAG,0.42857142857142855,7,2,4,0.3,0.7
CAAGACT,0.42857142857142855,7,2,4,0.3,0.7
CAAGATC,0.42857142857142855,7,2,4,0.3,0.7
CAAGAGA,0.42857142857142855,7,2,4,0.3,0.7
CAAGCAT,0.42857142857142855,7,2,4,0.3,0.7
CAAGCTA,0.42857142857142855,7,2,4,0.3,0.7
CAAGTAC,0.42857142857142855,7,2,4,0.3,0.7
CAAGTCA,0.42857142857142855,7,2,4,0.3,0.7
CAAGTTG,0.42857142857142855,7,2,4,0.3,0.7
CAAGTGT,0.42857142857142855,7,2,4,0.3,0.7
CAAGGAA,0.42857142857142855,7,2,4,0.3,0.7
CAAGGTT,0.42857142857142855,7,2,4,0.3,0.7
CACAAAC,0.42857142857142855,7,2,4,0.3,0.7
CACAACA,0.42857142857142855,7,2,4,0.3,0.7
CACAATG,0.42857142857142855,7,2,4,0.3,0.7
CACAAGT,0.42857142857142855,7,2,4,0.3,0.7
CACACAA,0.42857142857142855,7,2,4,0.3,0.7
CACACCT,0.5714285714285714,7,2,4,0.3,0.7
CACACTC,0.5714285714285714,7,2,4,0.3,0.7
CACATAG,0.42857142857142855,7,2,4,0.3,0.7
CACATGA,0.42857142857142855,7,2,4,0.3,0.7
CACAGAT,0.42857142857142855,7,2,4,0.3,0.7
CACAGTA,0.42857142857142855,7,2,4,0.3,0.7
CACCAAA,0.42857142857142855,7,2,4,0.3,0.7
CACCACT,0.5714285714285714,7,2,4,0.3,0.7
CACCATC,0.5714285714285714,7,2,4,0.3,0.7
CACCCAT,0.5714285714285714,7,2,4,0.3,0.7
CACCCTA,0.5714285714285714,7,2,4,0.3,0.7
CACCTAC,0.5714285714285714,7,2,4,0.3,0.7
CACCTCA,0.5714285714285714,7,2,4,0.3,0.7
CACCTTT,0.42857142857142855,7,2,4,0.3,0.7
CACTAAG,0.42857142857142855,7,2,4,0.3,0.7
CACTAGA,0.42857142857142855,7,2,4,0.3,0.7
CACTCAC,0.5714285714285714,7,2,4,0.3,0.7
CACTCCA,0.5714285714285714,7,2,4,0.3,0.7
CACTCTT,0.42857142857142855,7,2,4,0.3,0.7
CACTTCT,0.42857142857142855,7,2,4,0.3,0.7
CACTTTC,0.42857142857142855,7,2,4,0.3,0.7
CACTGAA,0.42857142857142855,7,2,4,0.3,0.7
CACGAAT,0.42857142857142855,7,2,4,0.3,0.7
CACGATA,0.42857142857142855,7,2,4,0.3,0.7
CACGTAA,0.42857142857142855,7,2,4,0.3,0.7
CATAACC,0.42857142857142855,7,2,4,0.3,0.7
CATAAGG,0.42857142857142855,7,2,4,0.3,0.7
CATACAG,0.42857142857142855,7,2,4,0.3,0.7
CATACGA,0.42857142857142855,7,2,4,0.3,0.7
CATATCG,0.42857142857142855,7,2,4,0.3,0.7
CATATGC,0.42857142857142855,7,2,4,0.3,0.7
CATAGAC,0.42857142857142855,7,2,4,0.3,0.7
CATAGCA,0.42857142857142855,7,2,4,0.3,0.7
CATAGTG,0.42857142857142855,7,2,4,0.3,0.7
CATAGGT,0.42857142857142855,7,2,4,0.3,0.7
CATCAAG,0.42857142857142855,7,2,4,0.3,0.7
CATCAGA,0.42857142857142855,7,2,4,0.3,0.7
CATCCAC,0.5714285714285714,7,2,4,0.3,0.7
CATCCCA,0.5714285714285714,7,2,4,0.3,0.7
CATCCTT,0.42857142857142855,7,2,4,0.3,0.7
CATCTCC,0.5714285714285714,7,2,4,0.3,0.7
CATCTTG,0.42857142857142855,7,2,4,0.3,0.7
CATCTGT,0.42857142857142855,7,2,4,0.3,0.7
CATCGAA,0.42857142857142855,7,2,4,0.3,0.7
CATCGCT,0.5714285714285714,7,2,4,0.3,0.7
CATCGTC,0.5714285714285714,7,2,4,0.3,0.7
CATTACG,0.42857142857142855,7,2,4,0.3,0.7
CATTAGC,0.42857142857142855,7,2,4,0.3,0.7
CATTCCC,0.5714285714285714,7,2,4,0.3,0.7
CATTCTG,0.42857142857142855,7,2,4,0.3,0.7
CATTCGT,0.42857142857142855,7,2,4,0.3,0.7
CATTTGG,0.42857142857142855,7,2,4,0.3,0.7
CATTGAG,0.42857142857142855,7,2,4,0.3,0.7
CATTGGA,0.42857142857142855,7,2,4,0.3,0.7
CATGAAC,0.42857142857142855,7,2,4,0.3,0.7
CATGACA,0.42857142857142855,7,2,4,0.3,0.7
CATGATG,0.42857142857142855,7,2,4,0.3,0.7
CATGAGT,0.42857142857142855,7,2,4,0.3,0.7
CATGCAA,0.42857142857142855,7,2,4,0.3,0.7
CATGCCT,0.5714285714285714,7,2,4,0.3,0.7
CATGCTC,0.5714285714285714,7,2,4,0.3,0.7
CATGTAG,0.42857142857142855,7,2,4,0.3,0.7
CATGTGA,0.42857142857142855,7,2,4,0.3,0.7
CATGGAT,0.42857142857142855,7,2,4,0.3,0.7
CATGGTA,0.42857142857142855,7,2,4,0.3,0.7
CAGAAAG,0.42857142857142855,7,2,4,0.3,0.7
CAGAACT,0.42857142857142855,7,2,4,0.3,0.7
CAGAATC,0.42857142857142855,7,2,4,0.3,0.7
CAGAAGA,0.42857142857142855,7,2,4,0.3,0.7
CAGACAT,0.42857142857142855,7,2,4,0.3,0.7
CAGACTA,0.42857142857142855,7,2,4,0.3,0.7
CAGATAC,0.42857142857142855,7,2,4,0.3,0.7
CAGATCA,0.42857142857142855,7,2,4,0.3,0.7
CAGATTG,0.42857142857142855,7,2,4,0.3,0.7
CAGATGT,0.42857142857142855,7,2,4,0.3,0.7
CAGAGAA,0.42857142857142855,7,2,4,0.3,0.7
CAGAGTT,0.42857142857142855,7,2,4,0.3,0.7
CAGCAAT,0.42857142857142855,7,2,4,0.3,0.7
CAGCATA,0.42857142857142855,7,2,4,0.3,0.7
CAGCTAA,0.42857142857142855,7,2,4,0.3,0.7
CAGCTCT,0.5714285714285714,7,2,4,0.3,0.7
CAGCTTC,0.5714285714285714,7,2,4,0.3,0.7
CAGTAAC,0.42857142857142855,7,2,4,0.3,0.7
CAGTACA,0.42857142857142855,7,2,4,0.3,0.7
CAGTATG,0.42857142857142855,7,2,4,0.3,0.7
CAGTAGT,0.42857142857142855,7,2,4,0.3,0.7
CAGTCAA,0.42857142857142855,7,2,4,0.3,0.7
CAGTCCT,0.5714285714285714,7,2,4,0.3,0.7
CAGTCTC,0.5714285714285714,7,2,4,0.3,0.7
CAGTTAG,0.42857142857142855,7,2,4,0.3,0.7
CAGTTCC,0.5714285714285714,7,2,4,0.3,0.7
CAGTTGA,0.42857142857142855,7,2,4,0.3,0.7
CAGTGAT,0.42857142857142855,7,2,4,0.3,0.7
CAGTGTA,0.42857142857142855,7,2,4,0.3,0.7
CAGGAAA,0.42857142857142855,7,2,4,0.3,0.7
CAGGATT,0.42857142857142855,7,2,4,0.3,0.7
CAGGTAT,0.42857142857142855,7,2,4,0.3,0.7
CAGGTTA,0.42857142857142855,7,2,4,0.3,0.7
CCAAACA,0.42857142857142855,7,2,4,0.3,0.7
CCAAATC,0.42857142857142855,7,2,4,0.3,0.7
CCAAAGT,0.42857142857142855,7,2,4,0.3,0.7
CCAACAA,0.42857142857142855,7,2,4,0.3,0.7
CCAACCT,0.5714285714285714,7,2,4,0.3,0.7
CCAATAC,0.42857142857142855,7,2,4,0.3,0.7
CCAATTG,0.42857142857142855,7,2,4,0.3,0.7
CCAATGA,0.42857142857142855,7,2,4,0.3,0.7
CCAAGAT,0.42857142857142855,7,2,4,0.3,0.7
CCAAGTA,0.42857142857142855,7,2,4,0.3,0.7
CCACAAA,0.42857142857142855,7,2,4,0.3,0.7
CCACACT,0.5714285714285714,7,2,4,0.3,0.7
CCACCAT,0.5714285714285714,7,2,4,0.3,0.7
CCACCTA,0.5714285714285714,7,2,4,0.3,0.7
CCACTCA,0.5714285714285714,7,2,4,0.3,0.7
CCACTTC,0.5714285714285714,7,2,4,0.3,0.7
CCACTGT,0.5714285714285714,7,2,4,0.3,0.7
CCACGTT,0.5714285714285714,7,2,4,0.3,0.7
CCATAAC,0.42857142857142855,7,2,4,0.3,0.7
CCATATG,0.42857142857142855,7,2,4,0.3,0.7
CCATAGA,0.42857142857142855,7,2,4,0.3,0.7
CCATCCA,0.5714285714285714,7,2,4,0.3,0.7
CCATCTC,0.5714285714285714,7,2,4,0.3,0.7
CCATCGT,0.5714285714285714,7,2,4,0.3,0.7
CCATTAG,0.42857142857142855,7,2,4,0.3,0.7
CCATTCT,0.42857142857142855,7,2,4,0.3,0.7
CCATGAA,0.42857142857142855,7,2,4,0.3,0.7
CCAGAAT,0.42857142857142855,7,2,4,0.3,0.7
CCAGATA,0.42857142857142855,7,2,4,0.3,0.7
CCAGCTT,0.5714285714285714,7,2,4,0.3,0.7
CCAGTAA,0.42857142857142855,7,2,4,0.3,0.7
CCCAAAT,0.42857142857142855,7,2,4,0.3,0.7
CCCAATA,0.42857142857142855,7,2,4,0.3,0.7
CCCACTT,0.5714285714285714,7,2,4,0.3,0.7
CCCATAA,0.42857142857142855,7,2,4,0.3,0.7
CCCATCT,0.5714285714285714,7,2,4,0.3,0.7
CCCATTC,0.5714285714285714,7,2,4,0.3,0.7
CCCTAAA,0.42857142857142855,7,2,4,0.3,0.7
CCCTACT,0.5714285714285714,7,2,4,0.3,0.7
CCCTATC,0.5714285714285714,7,2,4,0.3,0.7
CCCTCAT,0.5714285714285714,7,2,4,0.3,0.7
CCCTCTA,0.5714285714285714,7,2,4,0.3,0.7
CCCTTAC,0.5714285714285714,7,2,4,0.3,0.7
CCCTTCA,0.5714285714285714,7,2,4,0.3,0.7
CCCTTTG,0.5714285714285714,7,2,4,0.3,0.7
CCCTTGT,0.5714285714285714,7,2,4,0.3,0.7
CCCTGTT,0.5714285714285714,7,2,4,0.3,0.7
CCCGATT,0.5714285714285714,7,2,4,0.3,0.7
CCCGTAT,0.5714285714285714,7,2,4,0.3,0.7
CCCGTTA,0.5714285714285714,7,2,4,0.3,0.7
CCTAAAC,0.42857142857142855,7,2,4,0.3,0.7
CCTAACT,0.42857142857142855,7,2,4,0.3,0.7
CCTAATG,0.42857142857142855,7,2,4,0.3,0.7
CCTAAGA,0.42857142857142855,7,2,4,0.3,0.7
CCTACAT,0.42857142857142855,7,2,4,0.3,0.7
CCTACCA,0.5714285714285714,7,2,4,0.3,0.7
CCTACTC,0.5714285714285714,7,2,4,0.3,0.7
CCTATAG,0.42857142857142855,7,2,4,0.3,0.7
CCTATCC,0.5714285714285714,7,2,4,0.3,0.7
CCTATGT,0.42857142857142855,7,2,4,0.3,0.7
CCTAGAA,0.42857142857142855,7,2,4,0.3,0.7
CCTAGTT,0.42857142857142855,7,2,4,0.3,0.7
CCTCAAT,0.42857142857142855,7,2,4,0.3,0.7
CCTCACA,0.5714285714285714,7,2,4,0.3,0.7
CCTCATC,0.5714285714285714,7,2,4,0.3,0.7
CCTCCAA,0.5714285714285714,7,2,4,0.3,0.7
CCTCTAC,0.5714285714285714,7,2,4,0.3,0.7
CCTCTCT,0.5714285714285714,7,2,4,0.3,0.7
CCTCTTA,0.42857142857142855,7,2,4,0.3,0.7
CCTTAAG,0.42857142857142855,7,2,4,0.3,0.7
CCTTACC,0.5714285714285714,7,2,4,0.3,0.7
CCTTAGT,0.42857142857142855,7,2,4,0.3,0.7
CCTTCAC,0.5714285714285714,7,2,4,0.3,0.7
CCTTCCT,0.5714285714285714,7,2,4,0.3,0.7
CCTTCGA,0.5714285714285714,7,2,4,0.3,0.7
CCTTGAT,0.42857142857142855,7,2,4,0.3,0.7
CCTTGCA,0.5714285714285714,7,2,4,0.3,0.7
CCTTGTC,0.5714285714285714,7,2,4,0.3,0.7
CCTGAAA,0.42857142857142855,7,2,4,0.3,0.7
CCTGCTA,0.5714285714285714,7,2,4,0.3,0.7
CCTGTCA,0.5714285714285714,7,2,4,0.3,0.7
CCTGTTC,0.5714285714285714,7,2,4,0.3,0.7
CCGAATT,0.42857142857142855,7,2,4,0.3,0.7
CCGATAT,0.42857142857142855,7,2,4,0.3,0.7
CCGATTA,0.42857142857142855,7,2,4,0.3,0.7
CCGCTTT,0.5714285714285714,7,2,4,0.3,0.7
CCGTAAT,0.42857142857142855,7,2,4,0.3,0.7
CCGTATA,0.42857142857142855,7,2,4,0.3,0.7
CCGTCTT,0.5714285714285714,7,2,4,0.3,0.7
CCGTTAA,0.42857142857142855,7,2,4,0.3,0.7
CCGTTTC,0.5714285714285714,7,2,4,0.3,0.7
CTAAACC,0.42857142857142855,7,2,4,0.3,0.7
CTAAAGG,0.42857142857142855,7,2,4,0.3,0.7
CTAACAG,0.42857142857142855,7,2,4,0.3,0.7
CTAACTC,0.42857142857142855,7,2,4,0.3,0.7
CTAACGA,0.42857142857142855,7,2,4,0.3,0.7
CTAATCG,0.42857142857142855,7,2,4,0.3,0.7
CTAATGC,0.42857142857142855,7,2,4,0.3,0.7
CTAAGAC,0.42857142857142855,7,2,4,0.3,0.7
CTAAGCA,0.42857142857142855,7,2,4,0.3,0.7
CTAAGTG,0.42857142857142855,7,2,4,0.3,0.7
CTAAGGT,0.42857142857142855,7,2,4,0.3,0.7
CTACAAG,0.42857142857142855,7,2,4,0.3,0.7
CTACATC,0.42857142857142855,7,2,4,0.3,0.7
CTACAGA,0.42857142857142855,7,2,4,0.3,0.7
CTACCAC,0.5714285714285714,7,2,4,0.3,0.7
CTACCCA,0.5714285714285714,7,2,4,0.3,0.7
CTACCTT,0.42857142857142855,7,2,4,0.3,0.7
CTACTCC,0.5714285714285714,7,2,4,0.3,0.7
CTACTTG,0.42857142857142855,7,2,4,0.3,0.7
CTACGAA,0.42857142857142855,7,2,4,0.3,0.7
CTACGCT,0.5714285714285714,7,2,4,0.3,0.7
CTATACG,0.42857142857142855,7,2,4,0.3,0.7
CTATAGC,0.42857142857142855,7,2,4,0.3,0.7
CTATCCC,0.5714285714285714,7,2,4,0.3,0.7
CTATCTG,0.42857142857142855,7,2,4,0.3,0.7
CTATTGG,0.42857142857142855,7,2,4,0.3,0.7
CTATGAG,0.42857142857142855,7,2,4,0.3,0.7
CTATGTC,0.42857142857142855,7,2,4,0.3,0.7
CTATGGA,0.42857142857142855,7,2,4,0.3,0.7
CTAGAAC,0.42857142857142855,7,2,4,0.3,0.7
CTAGACA,0.42857142857142855,7,2,4,0.3,0.7
CTAGATG,0.42857142857142855,7,2,4,0.3,0.7
CTAGAGT,0.42857142857142855,7,2,4,0.3,0.7
CTAGCAA,0.42857142857142855,7,2,4,0.3,0.7
CTAGCCT,0.5714285714285714,7,2,4,0.3,0.7
CTAGTAG,0.42857142857142855,7,2,4,0.3,0.7
CTAGTTC,0.42857142857142855,7,2,4,0.3,0.7
CTAGTGA,0.42857142857142855,7,2,4,0.3,0.7
CTAGGAT,0.42857142857142855,7,2,4,0.3,0.7
CTAGGTA,0.42857142857142855,7,2,4,0.3,0.7
CTCAAAG,0.42857142857142855,7,2,4,0.3,0.7
CTCAACT,0.42857142857142855,7,2,4,0.3,0.7
CTCAATC,0.42857142857142855,7,2,4,0.3,0.7
CTCAAGA,0.42857142857142855,7,2,4,0.3,0.7
CTCACAC,0.5714285714285714,7,2,4,0.3,0.7
CTCACCA,0.5714285714285714,7,2,4,0.3,0.7
CTCACTG,0.5714285714285714,7,2,4,0.3,0.7
CTCACGT,0.5714285714285714,7,2,4,0.3,0.7
CTCATCC,0.5714285714285714,7,2,4,0.3,0.7
CTCAGAA,0.42857142857142855,7,2,4,0.3,0.7
CTCAGTT,0.42857142857142855,7,2,4,0.3,0.7
CTCCAAC,0.5714285714285714,7,2,4,0.3,0.7
CTCCACA,0.5714285714285714,7,2,4,0.3,0.7
CTCCATT,0.42857142857142855,7,2,4,0.3,0.7
CTCCCAA,0.5714285714285714,7,2,4,0.3,0.7
CTCCTAT,0.42857142857142855,7,2,4,0.3,0.7
CTCCTTA,0.42857142857142855,7,2,4,0.3,0.7
CTCTACC,0.5714285714285714,7,2,4,0.3,0.7
CTCTATG,0.42857142857142855,7,2,4,0.3,0.7
CTCTAGT,0.42857142857142855,7,2,4,0.3,0.7
CTCTCAG,0.5714285714285714,7,2,4,0.3,0.7
CTCTCCT,0.5714285714285714,7,2,4,0.3,0.7
CTCTCTC,0.5714285714285714,7,2,4,0.3,0.7
CTCTCGA,0.5714285714285714,7,2,4,0.3,0.7
CTCTGAC,0.5714285714285714,7,2,4,0.3,0.7
CTCTGCA,0.5714285714285714,7,2,4,0.3,0.7
CTCGAAA,0.42857142857142855,7,2,4,0.3,0.7
CTCGCAT,0.5714285714285714,7,2,4,0.3,0.7
CTCGCTA,0.5714285714285714,7,2,4,0.3,0.7
CTCGTAC,0.5714285714285714,7,2,4,0.3,0.7
CTCGTCA,0.5714285714285714,7,2,4,0.3,0.7
CTCGTTT,0.42857142857142855,7,2,4,0.3,0.7
CTTAACG,0.42857142857142855,7,2,4,0.3,0.7
CTTAAGC,0.42857142857142855,7,2,4,0.3,0.7
CTTACCC,0.5714285714285714,7,2,4,0.3,0.7
CTTACGG,0.5714285714285714,7,2,4,0.3,0.7
CTTAGAG,0.42857142857142855,7,2,4,0.3,0.7
CTTAGCT,0.42857142857142855,7,2,4,0.3,0.7
CTTAGTC,0.42857142857142855,7,2,4,0.3,0.7
CTTAGGA,0.42857142857142855,7,2,4,0.3,0.7
CTTCACC,0.5714285714285714,7,2,4,0.3,0.7
CTTCATG,0.42857142857142855,7,2,4,0.3,0.7
CTTCAGT,0.42857142857142855,7,2,4,0.3,0.7
CTTCCAT,0.42857142857142855,7,2,4,0.3,0.7
CTTCCTA,0.42857142857142855,7,2,4,0.3,0.7
CTTCTAG,0.42857142857142855,7,2,4,0.3,0.7
CTTCTCA,0.42857142857142855,7,2,4,0.3,0.7
CTTCTTC,0.42857142857142855,7,2,4,0.3,0.7
CTTCGAC,0.5714285714285714,7,2,4,0.3,0.7
CTTCGTT,0.42857142857142855,7,2,4,0.3,0.7
CTTTAGG,0.42857142857142855,7,2,4,0.3,0.7
CTTTCCA,0.42857142857142855,7,2,4,0.3,0.7
CTTTCGC,0.5714285714285714,7,2,4,0.3,0.7
CTTTGCC,0.5714285714285714,7,2,4,0.3,0.7
CTTTGTG,0.42857142857142855,7,2,4,0.3,0.7
CTTTGGT,0.42857142857142855,7,2,4,0.3,0.7
CTTGAAG,0.42857142857142855,7,2,4,0.3,0.7
CTTGACT,0.42857142857142855,7,2,4,0.3,0.7
CTTGATC,0.42857142857142855,7,2,4,0.3,0.7
CTTGAGA,0.42857142857142855,7,2,4,0.3,0.7
CTTGCAC,0.5714285714285714,7,2,4,0.3,0.7
CTTGCTT,0.42857142857142855,7,2,4,0.3,0.7
CTTGTCC,0.5714285714285714,7,2,4,0.3,0.7
CTTGTTG,0.42857142857142855,7,2,4,0.3,0.7
CTTGTGT,0.42857142857142855,7,2,4,0.3,0.7
CTTGGAA,0.42857142857142855,7,2,4,0.3,0.7
CTGAAAC,0.42857142857142855,7,2,4,0.3,0.7
CTGAACA,0.42857142857142855,7,2,4,0.3,0.7
CTGAATG,0.42857142857142855,7,2,4,0.3,0.7
CTGAAGT,0.42857142857142855,7,2,4,0.3,0.7
CTGACAA,0.42857142857142855,7,2,4,0.3,0.7
CTGACCT,0.5714285714285714,7,2,4,0.3,0.7
CTGATAG,0.42857142857142855,7,2,4,0.3,0.7
CTGATTC,0.42857142857142855,7,2,4,0.3,0.7
CTGATGA,0.42857142857142855,7,2,4,0.3,0.7
CTGAGAT,0.42857142857142855,7,2,4,0.3,0.7
CTGAGTA,0.42857142857142855,7,2,4,0.3,0.7
CTGCAAA,0.42857142857142855,7,2,4,0.3,0.7
CTGCACT,0.5714285714285714,7,2,4,0.3,0.7
CTGCTAC,0.5714285714285714,7,2,4,0.3,0.7
CTGCTGT,0.5714285714285714,7,2,4,0.3,0.7
CTGTAAG,0.42857142857142855,7,2,4,0.3,0.7
CTGTATC,0.42857142857142855,7,2,4,0.3,0.7
CTGTAGA,0.42857142857142855,7,2,4,0.3,0.7
CTGTCAC,0.5714285714285714,7,2,4,0.3,0.7
CTGTCTA,0.42857142857142855,7,2,4,0.3,0.7
CTGTCGT,0.5714285714285714,7,2,4,0.3,0.7
CTGTTCA,0.42857142857142855,7,2,4,0.3,0.7
CTGTTTG,0.42857142857142855,7,2,4,0.3,0.7
CTGTTGC,0.5714285714285714,7,2,4,0.3,0.7
CTGTGAA,0.42857142857142855,7,2,4,0.3,0.7
CTGTGCT,0.5714285714285714,7,2,4,0.3,0.7
CTGGAAT,0.42857142857142855,7,2,4,0.3,0.7
CTGGATA,0.42857142857142855,7,2,4,0.3,0.7
CTGGTAA,0.42857142857142855,7,2,4,0.3,0.7
CTGGTCT,0.5714285714285714,7,2,4,0.3,0.7
CGAAACT,0.42857142857142855,7,2,4,0.3,0.7
CGAAATG,0.42857142857142855,7,2,4,0.3,0.7
CGAAAGA,0.42857142857142855,7,2,4,0.3,0.7
CGAACAT,0.42857142857142855,7,2,4,0.3,0.7
CGAACTA,0.42857142857142855,7,2,4,0.3,0.7
CGAATAG,0.42857142857142855,7,2,4,0.3,0.7
CGAATCA,0.42857142857142855,7,2,4,0.3,0.7
CGAATTC,0.42857142857142855,7,2,4,0.3,0.7
CGAATGT,0.42857142857142855,7,2,4,0.3,0.7
CGAAGAA,0.42857142857142855,7,2,4,0.3,0.7
CGAAGTT,0.42857142857142855,7,2,4,0.3,0.7
CGACAAT,0.42857142857142855,7,2,4,0.3,0.7
CGACATA,0.42857142857142855,7,2,4,0.3,0.7
CGACTAA,0.42857142857142855,7,2,4,0.3,0.7
CGACTCT,0.5714285714285714,7,2,4,0.3,0.7
CGATAAG,0.42857142857142855,7,2,4,0.3,0.7
CGATACA,0.42857142857142855,7,2,4,0.3,0.7
CGATATC,0.42857142857142855,7,2,4,0.3,0.7
CGATAGT,0.42857142857142855,7,2,4,0.3,0.7
CGATCAA,0.42857142857142855,7,2,4,0.3,0.7
CGATCCT,0.5714285714285714,7,2,4,0.3,0.7
CGATTAC,0.42857142857142855,7,2,4,0.3,0.7
CGATTTG,0.42857142857142855,7,2,4,0.3,0.7
CGATTGA,0.42857142857142855,7,2,4,0.3,0.7
CGATGAT,0.42857142857142855,7,2,4,0.3,0.7
CGATGTA,0.42857142857142855,7,2,4,0.3,0.7
CGAGAAA,0.42857142857142855,7,2,4,0.3,0.7
CGAGATT,0.42857142857142855,7,2,4,0.3,0.7
CGAGTAT,0.42857142857142855,7,2,4,0.3,0.7
CGAGTTA,0.42857142857142855,7,2,4,0.3,0.7
CGCAATT,0.42857142857142855,7,2,4,0.3,0.7
CGCATAT,0.42857142857142855,7,2,4,0.3,0.7
CGCATTA,0.42857142857142855,7,2,4,0.3,0.7
CGCTAAT,0.42857142857142855,7,2,4,0.3,0.7
CGCTATA,0.42857142857142855,7,2,4,0.3,0.7
CGCTTAA,0.42857142857142855,7,2,4,0.3,0.7
CGTAAAG,0.42857142857142855,7,2,4,0.3,0.7
CGTAACA,0.42857142857142855,7,2,4,0.3,0.7
CGTAATC,0.42857142857142855,7,2,4,0.3,0.7
CGTAAGT,0.42857142857142855,7,2,4,0.3,0.7
CGTACAA,0.42857142857142855,7,2,4,0.3,0.7
CGTACCT,0.5714285714285714,7,2,4,0.3,0.7
CGTATAC,0.42857142857142855,7,2,4,0.3,0.7
CGTATTG,0.42857142857142855,7,2,4,0.3,0.7
CGTATGA,0.42857142857142855,7,2,4,0.3,0.7
CGTAGAT,0.42857142857142855,7,2,4,0.3,0.7
CGTAGTA,0.42857142857142855,7,2,4,0.3,0.7
CGTCAAA,0.42857142857142855,7,2,4,0.3,0.7
CGTCACT,0.5714285714285714,7,2,4,0.3,0.7
CGTCTAT,0.42857142857142855,7,2,4,0.3,0.7
CGTTAAC,0.42857142857142855,7,2,4,0.3,0.7
CGTTATG,0.42857142857142855,7,2,4,0.3,0.7
CGTTAGA,0.42857142857142855,7,2,4,0.3,0.7
CGTTCAT,0.42857142857142855,7,2,4,0.3,0.7
CGTTCTA,0.42857142857142855,7,2,4,0.3,0.7
CGTTTAG,0.42857142857142855,7,2,4,0.3,0.7
CGTTTCA,0.42857142857142855,7,2,4,0.3,0.7
CGTTTGC,0.5714285714285714,7,2,4,0.3,0.7
CGTTGAA,0.42857142857142855,7,2,4,0.3,0.7
CGTTGCT,0.5714285714285714,7,2,4,0.3,0.7
CGTGAAT,0.42857142857142855,7,2,4,0.3,0.7
CGTGATA,0.42857142857142855,7,2,4,0.3,0.7
CGTGTAA,0.42857142857142855,7,2,4,0.3,0.7
CGTGTCT,0.5714285714285714,7,2,4,0.3,0.7
CGGAAAT,0.42857142857142855,7,2,4,0.3,0.7
CGGAATA,0.42857142857142855,7,2,4,0.3,0.7
CGGATAA,0.42857142857142855,7,2,4,0.3,0.7
CGGATTT,0.42857142857142855,7,2,4,0.3,0.7
CGGTAAA,0.42857142857142855,7,2,4,0.3,0.7
CGGTATT,0.42857142857142855,7,2,4,0.3,0.7
CGGTTAT,0.42857142857142855,7,2,4,0.3,0.7
CGGTTTA,0.42857142857142855,7,2,4,0.3,0.7
TAAACCC,0.42857142857142855,7,2,4,0.3,0.7
TAAACGG,0.42857142857142855,7,2,4,0.3,0.7
TAAAGCG,0.42857142857142855,7,2,4,0.3,0.7
TAAAGGC,0.42857142857142855,7,2,4,0.3,0.7
TAACACC,0.42857142857142855,7,2,4,0.3,0.7
TAACAGG,0.42857142857142855,7,2,4,0.3,0.7
TAACCAG,0.42857142857142855,7,2,4,0.3,0.7
TAACCGA,0.42857142857142855,7,2,4,0.3,0.7
TAACTCG,0.42857142857142855,7,2,4,0.3,0.7
TAACTGC,0.42857142857142855,7,2,4,0.3,0.7
TAACGAC,0.42857142857142855,7,2,4,0.3,0.7
TAACGCA,0.42857142857142855,7,2,4,0.3,0.7
TAACGTG,0.42857142857142855,7,2,4,0.3,0.7
TAACGGT,0.42857142857142855,7,2,4,0.3,0.7
TAATCCG,0.42857142857142855,7,2,4,0.3,0.7
TAATCGC,0.42857142857142855,7,2,4,0.3,0.7
TAATGCC,0.42857142857142855,7,2,4,0.3,0.7
TAATGGG,0.42857142857142855,7,2,4,0.3,0.7
TAAGACG,0.42857142857142855,7,2,4,0.3,0.7
TAAGAGC,0.42857142857142855,7,2,4,0.3,0.7
TAAGCAC,0.42857142857142855,7,2,4,0.3,0.7
TAAGCCA,0.42857142857142855,7,2,4,0.3,0.7
TAAGCTG,0.42857142857142855,7,2,4,0.3,0.7
TAAGCGT,0.42857142857142855,7,2,4,0.3,0.7
TAAGTCC,0.42857142857142855,7,2,4,0.3,0.7
TAAGTGG,0.42857142857142855,7,2,4,0.3,0.7
TAAGGAG,0.42857142857142855,7,2,4,0.3,0.7
TAAGGCT,0.42857142857142855,7,2,4,0.3,0.7
TAAGGTC,0.42857142857142855,7,2,4,0.3,0.7
TAAGGGA,0.42857142857142855,7,2,4,0.3,0.7
TACAACG,0.42857142857142855,7,2,4,0.3,0.7
TACAAGC,0.42857142857142855,7,2,4,0.3,0.7
TACACAG,0.42857142857142855,7,2,4,0.3,0.7
TACACGA,0.42857142857142855,7,2,4,0.3,0.7
TACATCC,0.42857142857142855,7,2,4,0.3,0.7
TACATGG,0.42857142857142855,7,2,4,0.3,0.7
TACAGAC,0.42857142857142855,7,2,4,0.3,0.7
TACAGCA,0.42857142857142855,7,2,4,0.3,0.7
TACAGTG,0.42857142857142855,7,2,4,0.3,0.7
TACAGGT,0.42857142857142855,7,2,4,0.3,0.7
TACCAAG,0.42857142857142855,7,2,4,0.3,0.7
TACCAGA,0.42857142857142855,7,2,4,0.3,0.7
TACCCAC,0.5714285714285714,7,2,4,0.3,0.7
TACCCTT,0.42857142857142855,7,2,4,0.3,0.7
TACCTTC,0.42857142857142855,7,2,4,0.3,0.7
TACCTGT,0.42857142857142855,7,2,4,0.3,0.7
TACCGAA,0.42857142857142855,7,2,4,0.3,0.7
TACCGCT,0.5714285714285714,7,2,4,0.3,0.7
TACTACC,0.42857142857142855,7,2,4,0.3,0.7
TACTAGG,0.42857142857142855,7,2,4,0.3,0.7
TACTCTC,0.42857142857142855,7,2,4,0.3,0.7
TACTCGT,0.42857142857142855,7,2,4,0.3,0.7
TACTTCG,0.42857142857142855,7,2,4,0.3,0.7
TACTTGC,0.42857142857142855,7,2,4,0.3,0.7
TACTGAG,0.42857142857142855,7,2,4,0.3,0.7
TACTGGA,0.42857142857142855,7,2,4,0.3,0.7
TACGAAC,0.42857142857142855,7,2,4,0.3,0.7
TACGACA,0.42857142857142855,7,2,4,0.3,0.7
TACGATG,0.42857142857142855,7,2,4,0.3,0.7
TACGAGT,0.42857142857142855,7,2,4,0.3,0.7
TACGCAA,0.42857142857142855,7,2,4,0.3,0.7
TACGCCT,0.5714285714285714,7,2,4,0.3,0.7
TACGTAG,0.42857142857142855,7,2,4,0.3,0.7
TACGTGA,0.42857142857142855,7,2,4,0.3,0.7
TACGGAT,0.42857142857142855,7,2,4,0.3,0.7
TACGGTA,0.42857142857142855,7,2,4,0.3,0.7
TATACCG,0.42857142857142855,7,2,4,0.3,0.7
TATACGC,0.42857142857142855,7,2,4,0.3,0.7
TATAGCC,0.42857142857142855,7,2,4,0.3,0.7
TATAGGG,0.42857142857142855,7,2,4,0.3,0.7
TATCACG,0.42857142857142855,7,2,4,0.3,0.7
TATCAGC,0.42857142857142855,7,2,4,0.3,0.7
TATCCTC,0.42857142857142855,7,2,4,0.3,0.7
TATCCGT,0.42857142857142855,7,2,4,0.3,0.7
TATCTGG,0.42857142857142855,7,2,4,0.3,0.7
TATCGAG,0.42857142857142855,7,2,4,0.3,0.7
TATCGGA,0.42857142857142855,7,2,4,0.3,0.7
TATTCGG,0.42857142857142855,7,2,4,0.3,0.7
TATTGCG,0.42857142857142855,7,2,4,0.3,0.7
TATTGGC,0.42857142857142855,7,2,4,0.3,0.7
TATGACC,0.42857142857142855,7,2,4,0.3,0.7
TATGAGG,0.42857142857142855,7,2,4,0.3,0.7
TATGCAG,0.42857142857142855,7,2,4,0.3,0.7
TATGCGA,0.42857142857142855,7,2,4,0.3,0.7
TATGTCG,0.42857142857142855,7,2,4,0.3,0.7
TATGTGC,0.42857142857142855,7,2,4,0.3,0.7
TATGGAC,0.42857142857142855,7,2,4,0.3,0.7
TATGGCA,0.42857142857142855,7,2,4,0.3,0.7
TATGGTG,0.42857142857142855,7,2,4,0.3,0.7
TATGGGT,0.42857142857142855,7,2,4,0.3,0.7
TAGAACC,0.42857142857142855,7,2,4,0.3,0.7
TAGAAGG,0.42857142857142855,7,2,4,0.3,0.7
TAGACAC,0.42857142857142855,7,2,4,0.3,0.7
TAGACCA,0.42857142857142855,7,2,4,0.3,0.7
TAGACTG,0.42857142857142855,7,2,4,0.3,0.7
TAGACGT,0.42857142857142855,7,2,4,0.3,0.7
TAGATCG,0.42857142857142855,7,2,4,0.3,0.7
TAGATGC,0.42857142857142855,7,2,4,0.3,0.7
TAGAGAG,0.42857142857142855,7,2,4,0.3,0.7
TAGAGCT,0.42857142857142855,7,2,4,0.3,0.7
TAGAGTC,0.42857142857142855,7,2,4,0.3,0.7
TAGAGGA,0.42857142857142855,7,2,4,0.3,0.7
TAGCAAC,0.42857142857142855,7,2,4,0.3,0.7
TAGCACA,0.42857142857142855,7,2,4,0.3,0.7
TAGCATG,0.42857142857142855,7,2,4,0.3,0.7
TAGCAGT,0.42857142857142855,7,2,4,0.3,0.7
TAGCCAA,0.42857142857142855,7,2,4,0.3,0.7
TAGCCCT,0.5714285714285714,7,2,4,0.3,0.7
TAGCTAG,0.42857142857142855,7,2,4,0.3,0.7
TAGCTCC,0.5714285714285714,7,2,4,0.3,0.7
TAGCTGA,0.42857142857142855,7,2,4,0.3,0.7
TAGCGAT,0.42857142857142855,7,2,4,0.3,0.7
TAGCGTA,0.42857142857142855,7,2,4,0.3,0.7
TAGTACG,0.42857142857142855,7,2,4,0.3,0.7
TAGTAGC,0.42857142857142855,7,2,4,0.3,0.7
TAGTCAG,0.42857142857142855,7,2,4,0.3,0.7
TAGTCCC,0.5714285714285714,7,2,4,0.3,0.7
TAGTCGA,0.42857142857142855,7,2,4,0.3,0.7
TAGTTGG,0.42857142857142855,7,2,4,0.3,0.7
TAGTGAC,0.42857142857142855,7,2,4,0.3,0.7
TAGTGCA,0.42857142857142855,7,2,4,0.3,0.7
TAGTGTG,0.42857142857142855,7,2,4,0.3,0.7
TAGTGGT,0.42857142857142855,7,2,4,0.3,0.7
TAGGAAG,0.42857142857142855,7,2,4,0.3,0.7
TAGGACT,0.42857142857142855,7,2,4,0.3,0.7
TAGGATC,0.42857142857142855,7,2,4,0.3,0.7
TAGGAGA,0.42857142857142855,7,2,4,0.3,0.7
TAGGCAT,0.42857142857142855,7,2,4,0.3,0.7
TAGGCTA,0.42857142857142855,7,2,4,0.3,0.7
TAGGTAC,0.42857142857142855,7,2,4,0.3,0.7
TAGGTCA,0.42857142857142855,7,2,4,0.3,0.7
TAGGTTG,0.42857142857142855,7,2,4,0.3,0.7
TAGGTGT,0.42857142857142855,7,2,4,0.3,0.7
TAGGGAA,0.42857142857142855,7,2,4,0.3,0.7
TAGGGTT,0.42857142857142855,7,2,4,0.3,0.7
TCAAACG,0.42857142857142855,7,2,4,0.3,0.7
TCAAAGC,0.42857142857142855,7,2,4,0.3,0.7
TCAACAG,0.42857142857142855,7,2,4,0.3,0.7
TCAACTC,0.42857142857142855,7,2,4,0.3,0.7
TCAACGA,0.42857142857142855,7,2,4,0.3,0.7
TCAATCC,0.42857142857142855,7,2,4,0.3,0.7
TCAATGG,0.42857142857142855,7,2,4,0.3,0.7
TCAAGAC,0.42857142857142855,7,2,4,0.3,0.7
TCAAGCA,0.42857142857142855,7,2,4,0.3,0.7
TCAAGTG,0.42857142857142855,7,2,4,0.3,0.7
TCAAGGT,0.42857142857142855,7,2,4,0.3,0.7
TCACAAG,0.42857142857142855,7,2,4,0.3,0.7
TCACATC,0.42857142857142855,7,2,4,0.3,0.7
TCACAGA,0.42857142857142855,7,2,4,0.3,0.7
TCACCAC,0.5714285714285714,7,2,4,0.3,0.7
TCACCCA,0.5714285714285714,7,2,4,0.3,0.7
TCACCTT,0.42857142857142855,7,2,4,0.3,0.7
TCACTCT,0.42857142857142855,7,2,4,0.3,0.7
TCACTTG,0.42857142857142855,7,2,4,0.3,0.7
TCACGAA,0.42857142857142855,7,2,4,0.3,0.7
TCATACC,0.42857142857142855,7,2,4,0.3,0.7
TCATAGG,0.42857142857142855,7,2,4,0.3,0.7
TCATCCT,0.42857142857142855,7,2,4,0.3,0.7
TCATCTG,0.42857142857142855,7,2,4,0.3,0.7
TCATTCG,0.42857142857142855,7,2,4,0.3,0.7
TCATTGC,0.42857142857142855,7,2,4,0.3,0.7
TCATGAG,0.42857142857142855,7,2,4,0.3,0.7
TCATGTC,0.42857142857142855,7,2,4,0.3,0.7
TCATGGA,0.42857142857142855,7,2,4,0.3,0.7
TCAGAAC,0.42857142857142855,7,2,4,0.3,0.7
TCAGACA,0.42857142857142855,7,2,4,0.3,0.7
TCAGATG,0.42857142857142855,7,2,4,0.3,0.7
TCAGAGT,0.42857142857142855,7,2,4,0.3,0.7
TCAGCAA,0.42857142857142855,7,2,4,0.3,0.7
TCAGTAG,0.42857142857142855,7,2,4,0.3,0.7
TCAGTTC,0.42857142857142855,7,2,4,0.3,0.7
TCAGTGA,0.42857142857142855,7,2,4,0.3,0.7
TCAGGAT,0.42857142857142855,7,2,4,0.3,0.7
TCAGGTA,0.42857142857142855,7,2,4,0.3,0.7
TCCAAAG,0.42857142857142855,7,2,4,0.3,0.7
TCCAACC,0.5714285714285714,7,2,4,0.3,0.7
TCCAAGA,0.42857142857142855,7,2,4,0.3,0.7
TCCACAC,0.5714285714285714,7,2,4,0.3,0.7
TCCACCA,0.5714285714285714,7,2,4,0.3,0.7
TCCACTG,0.5714285714285714,7,2,4,0.3,0.7
TCCACGT,0.5714285714285714,7,2,4,0.3,0.7
TCCATCG,0.5714285714285714,7,2,4,0.3,0.7
TCCATGC,0.5714285714285714,7,2,4,0.3,0.7
TCCAGAA,0.42857142857142855,7,2,4,0.3,0.7
TCCAGCT,0.5714285714285714,7,2,4,0.3,0.7
TCCAGTC,0.5714285714285714,7,2,4,0.3,0.7
TCCCAAC,0.5714285714285714,7,2,4,0.3,0.7
TCCCACA,0.5714285714285714,7,2,4,0.3,0.7
TCCCATT,0.42857142857142855,7,2,4,0.3,0.7
TCCCTAA,0.42857142857142855,7,2,4,0.3,0.7
TCCCGAT,0.5714285714285714,7,2,4,0.3,0.7
TCCCGTA,0.5714285714285714,7,2,4,0.3,0.7
TCCTACG,0.5714285714285714,7,2,4,0.3,0.7
TCCTAGC,0.5714285714285714,7,2,4,0.3,0.7
TCCTCAA,0.42857142857142855,7,2,4,0.3,0.7
TCCTTAG,0.42857142857142855,7,2,4,0.3,0.7
TCCTTCC,0.5714285714285714,7,2,4,0.3,0.7
TCCTTGA,0.42857142857142855,7,2,4,0.3,0.7
TCCTGAC,0.5714285714285714,7,2,4,0.3,0.7
TCCTGCA,0.5714285714285714,7,2,4,0.3,0.7
TCCTGTG,0.5714285714285714,7,2,4,0.3,0.7
TCCTGGT,0.5714285714285714,7,2,4,0.3,0.7
TCCGAAA,0.42857142857142855,7,2,4,0.3,0.7
TCCGACT,0.5714285714285714,7,2,4,0.3,0.7
TCCGATC,0.5714285714285714,7,2,4,0.3,0.7
TCCGCAT,0.5714285714285714,7,2,4,0.3,0.7
TCCGCTA,0.5714285714285714,7,2,4,0.3,0.7
TCCGTAC,0.5714285714285714,7,2,4,0.3,0.7
TCCGTCA,0.5714285714285714,7,2,4,0.3,0.7
TCCGTTT,0.42857142857142855,7,2,4,0.3,0.7
TCTAAGG,0.42857142857142855,7,2,4,0.3,0.7
TCTACCC,0.5714285714285714,7,2,4,0.3,0.7
TCTAGAG,0.42857142857142855,7,2,4,0.3,0.7
TCTAGGA,0.42857142857142855,7,2,4,0.3,0.7
TCTCACC,0.5714285714285714,7,2,4,0.3,0.7
TCTCATG,0.42857142857142855,7,2,4,0.3,0.7
TCTCAGT,0.42857142857142855,7,2,4,0.3,0.7
TCTCCAT,0.42857142857142855,7,2,4,0.3,0.7
TCTCCTA,0.42857142857142855,7,2,4,0.3,0.7
TCTCTAG,0.42857142857142855,7,2,4,0.3,0.7
TCTCTCA,0.42857142857142855,7,2,4,0.3,0.7
TCTCTTC,0.42857142857142855,7,2,4,0.3,0.7
TCTCGAC,0.5714285714285714,7,2,4,0.3,0.7
TCTCGTT,0.42857142857142855,7,2,4,0.3,0.7
TCTTCAG,0.42857142857142855,7,2,4,0.3,0.7
TCTTCCA,0.42857142857142855,7,2,4,0.3,0.7
TCTTCTC,0.42857142857142855,7,2,4,0.3,0.7
TCTTTGG,0.42857142857142855,7,2,4,0.3,0.7
TCTTGCC,0.5714285714285714,7,2,4,0.3,0.7
TCTGAAG,0.42857142857142855,7,2,4,0.3,0.7
TCTGAGA,0.42857142857142855,7,2,4,0.3,0.7
TCTGCAC,0.5714285714285714,7,2,4,0.3,0.7
TCTGCTT,0.42857142857142855,7,2,4,0.3,0.7
TCTGTCC,0.5714285714285714,7,2,4,0.3,0.7
TCTGTTG,0.42857142857142855,7,2,4,0.3,0.7
TCTGTGT,0.42857142857142855,7,2,4,0.3,0.7
TCTGGAA,0.42857142857142855,7,2,4,0.3,0.7
TCTGGCT,0.5714285714285714,7,2,4,0.3,0.7
TCTGGTC,0.5714285714285714,7,2,4,0.3,0.7
TCGAAAC,0.42857142857142855,7,2,4,0.3,0.7
TCGAACA,0.42857142857142855,7,2,4,0.3,0.7
TCGAATG,0.42857142857142855,7,2,4,0.3,0.7
TCGAAGT,0.42857142857142855,7,2,4,0.3,0.7
TCGACAA,0.42857142857142855,7,2,4,0.3,0.7
TCGACCT,0.5714285714285714,7,2,4,0.3,0.7
TCGATAG,0.42857142857142855,7,2,4,0.3,0.7
TCGATTC,0.42857142857142855,7,2,4,0.3,0.7
TCGATGA,0.42857142857142855,7,2,4,0.3,0.7
TCGAGAT,0.42857142857142855,7,2,4,0.3,0.7
TCGAGTA,0.42857142857142855,7,2,4,0.3,0.7
TCGCAAA,0.42857142857142855,7,2,4,0.3,0.7
TCGCACT,0.5714285714285714,7,2,4,0.3,0.7
TCGCTAC,0.5714285714285714,7,2,4,0.3,0.7
TCGCTTA,0.42857142857142855,7,2,4,0.3,0.7
TCGCTGT,0.5714285714285714,7,2,4,0.3,0.7
TCGTAAG,0.42857142857142855,7,2,4,0.3,0.7
TCGTATC,0.42857142857142855,7,2,4,0.3,0.7
TCGTAGA,0.42857142857142855,7,2,4,0.3,0.7
TCGTCAC,0.5714285714285714,7,2,4,0.3,0.7
TCGTCTA,0.42857142857142855,7,2,4,0.3,0.7
TCGTCGT,0.5714285714285714,7,2,4,0.3,0.7
TCGTTCA,0.42857142857142855,7,2,4,0.3,0.7
TCGTTTG,0.42857142857142855,7,2,4,0.3,0.7
TCGTGAA,0.42857142857142855,7,2,4,0.3,0.7
TCGTGCT,0.5714285714285714,7,2,4,0.3,0.7
TCGGAAT,0.42857142857142855,7,2,4,0.3,0.7
TCGGATA,0.42857142857142855,7,2,4,0.3,0.7
TCGGTAA,0.42857142857142855,7,2,4,0.3,0.7
TCGGTCT,0.5714285714285714,7,2,4,0.3,0.7
TTAACCG,0.42857142857142855,7,2,4,0.3,0.7
TTAACGC,0.42857142857142855,7,2,4,0.3,0.7
TTAAGCC,0.42857142857142855,7,2,4,0.3,0.7
TTAAGGG,0.42857142857142855,7,2,4,0.3,0.7
TTACACG,0.42857142857142855,7,2,4,0.3,0.7
TTACAGC,0.42857142857142855,7,2,4,0.3,0.7
TTACCCT,0.42857142857142855,7,2,4,0.3,0.7
TTACCTC,0.42857142857142855,7,2,4,0.3,0.7
TTACCGG,0.5714285714285714,7,2,4,0.3,0.7
TTACGAG,0.42857142857142855,7,2,4,0.3,0.7
TTACGGA,0.42857142857142855,7,2,4,0.3,0.7
TTATGCG,0.42857142857142855,7,2,4,0.3,0.7
TTATGGC,0.42857142857142855,7,2,4,0.3,0.7
TTAGACC,0.42857142857142855,7,2,4,0.3,0.7
TTAGAGG,0.42857142857142855,7,2,4,0.3,0.7
TTAGCAG,0.42857142857142855,7,2,4,0.3,0.7
TTAGCGA,0.42857142857142855,7,2,4,0.3,0.7
TTAGTCG,0.42857142857142855,7,2,4,0.3,0.7
TTAGTGC,0.42857142857142855,7,2,4,0.3,0.7
TTAGGAC,0.42857142857142855,7,2,4,0.3,0.7
TTAGGCA,0.42857142857142855,7,2,4,0.3,0.7
TTAGGTG,0.42857142857142855,7,2,4,0.3,0.7
TTAGGGT,0.42857142857142855,7,2,4,0.3,0.7
TTCAAGG,0.42857142857142855,7,2,4,0.3,0.7
TTCACCC,0.5714285714285714,7,2,4,0.3,0.7
TTCAGAG,0.42857142857142855,7,2,4,0.3,0.7
TTCAGGA,0.42857142857142855,7,2,4,0.3,0.7
TTCCACC,0.5714285714285714,7,2,4,0.3,0.7
TTCCATG,0.42857142857142855,7,2,4,0.3,0.7
TTCCAGT,0.42857142857142855,7,2,4,0.3,0.7
TTCCCAT,0.42857142857142855,7,2,4,0.3,0.7
TTCCCGA,0.5714285714285714,7,2,4,0.3,0.7
TTCCTAC,0.42857142857142855,7,2,4,0.3,0.7
TTCCTCA,0.42857142857142855,7,2,4,0.3,0.7
TTCCTGG,0.5714285714285714,7,2,4,0.3,0.7
TTCCGTT,0.42857142857142855,7,2,4,0.3,0.7
TTCTCAC,0.42857142857142855,7,2,4,0.3,0.7
TTCTCCA,0.42857142857142855,7,2,4,0.3,0.7
TTCTCGG,0.5714285714285714,7,2,4,0.3,0.7
TTCTGCC,0.5714285714285714,7,2,4,0.3,0.7
TTCGAAG,0.42857142857142855,7,2,4,0.3,0.7
TTCGAGA,0.42857142857142855,7,2,4,0.3,0.7
TTCGCTT,0.42857142857142855,7,2,4,0.3,0.7
TTCGTCC,0.5714285714285714,7,2,4,0.3,0.7
TTCGTTG,0.42857142857142855,7,2,4,0.3,0.7
TTCGTGT,0.42857142857142855,7,2,4,0.3,0.7
TTCGGAA,0.42857142857142855,7,2,4,0.3,0.7
TTCGGCT,0.5714285714285714,7,2,4,0.3,0.7
TTCGGTC,0.5714285714285714,7,2,4,0.3,0.7
TTTAGCG,0.42857142857142855,7,2,4,0.3,0.7
TTTAGGC,0.42857142857142855,7,2,4,0.3,0.7
TTTCAGG,0.42857142857142855,7,2,4,0.3,0.7
TTTCCAC,0.42857142857142855,7,2,4,0.3,0.7
TTTCCCA,0.42857142857142855,7,2,4,0.3,0.7
TTTCCTG,0.42857142857142855,7,2,4,0.3,0.7
TTTCTCC,0.42857142857142855,7,2,4,0.3,0.7
TTTCGCT,0.42857142857142855,7,2,4,0.3,0.7
TTTCGTC,0.42857142857142855,7,2,4,0.3,0.7
TTTGACG,0.42857142857142855,7,2,4,0.3,0.7
TTTGAGC,0.42857142857142855,7,2,4,0.3,0.7
TTTGCCC,0.5714285714285714,7,2,4,0.3,0.7
TTTGCGT,0.42857142857142855,7,2,4,0.3,0.7
TTTGTGG,0.42857142857142855,7,2,4,0.3,0.7
TTTGGAG,0.42857142857142855,7,2,4,0.3,0.7
TTTGGGA,0.42857142857142855,7,2,4,0.3,0.7
TTGAACG,0.42857142857142855,7,2,4,0.3,0.7
TTGAAGC,0.42857142857142855,7,2,4,0.3,0.7
TTGACAG,0.42857142857142855,7,2,4,0.3,0.7
TTGACTC,0.42857142857142855,7,2,4,0.3,0.7
TTGACGA,0.42857142857142855,7,2,4,0.3,0.7
TTGATCC,0.42857142857142855,7,2,4,0.3,0.7
TTGATGG,0.42857142857142855,7,2,4,0.3,0.7
TTGAGAC,0.42857142857142855,7,2,4,0.3,0.7
TTGAGCA,0.42857142857142855,7,2,4,0.3,0.7
TTGAGTG,0.42857142857142855,7,2,4,0.3,0.7
TTGAGGT,0.42857142857142855,7,2,4,0.3,0.7
TTGCAAG,0.42857142857142855,7,2,4,0.3,0.7
TTGCATC,0.42857142857142855,7,2,4,0.3,0.7
TTGCAGA,0.42857142857142855,7,2,4,0.3,0.7
TTGCCTA,0.42857142857142855,7,2,4,0.3,0.7
TTGCCGT,0.5714285714285714,7,2,4,0.3,0.7
TTGCTCT,0.42857142857142855,7,2,4,0.3,0.7
TTGCTTG,0.42857142857142855,7,2,4,0.3,0.7
TTGCTGC,0.5714285714285714,7,2,4,0.3,0.7
TTGCGAA,0.42857142857142855,7,2,4,0.3,0.7
TTGTACC,0.42857142857142855,7,2,4,0.3,0.7
TTGTAGG,0.42857142857142855,7,2,4,0.3,0.7
TTGTCCT,0.42857142857142855,7,2,4,0.3,0.7
TTGTCTG,0.42857142857142855,7,2,4,0.3,0.7
TTGTCGC,0.5714285714285714,7,2,4,0.3,0.7
TTGTTCG,0.42857142857142855,7,2,4,0.3,0.7
TTGTGAG,0.42857142857142855,7,2,4,0.3,0.7
TTGTGTC,0.42857142857142855,7,2,4,0.3,0.7
TTGTGGA,0.42857142857142855,7,2,4,0.3,0.7
TTGGAAC,0.42857142857142855,7,2,4,0.3,0.7
TTGGACA,0.42857142857142855,7,2,4,0.3,0.7
TTGGATG,0.42857142857142855,7,2,4,0.3,0.7
TTGGAGT,0.42857142857142855,7,2,4,0.3,0.7
TTGGCAA,0.42857142857142855,7,2,4,0.3,0.7
TTGGTAG,0.42857142857142855,7,2,4,0.3,0.7
TTGGTTC,0.42857142857142855,7,2,4,0.3,0.7
TTGGTGA,0.42857142857142855,7,2,4,0.3,0.7
TTGGGAT,0.42857142857142855,7,2,4,0.3,0.7
TTGGGTA,0.42857142857142855,7,2,4,0.3,0.7
TGAAACC,0.42857142857142855,7,2,4,0.3,0.7
TGAAAGG,0.42857142857142855,7,2,4,0.3,0.7
TGAACAC,0.42857142857142855,7,2,4,0.3,0.7
TGAACCA,0.42857142857142855,7,2,4,0.3,0.7
TGAACTG,0.42857142857142855,7,2,4,0.3,0.7
TGAACGT,0.42857142857142855,7,2,4,0.3,0.7
TGAATCG,0.42857142857142855,7,2,4,0.3,0.7
TGAATGC,0.42857142857142855,7,2,4,0.3,0.7
TGAAGAG,0.42857142857142855,7,2,4,0.3,0.7
TGAAGCT,0.42857142857142855,7,2,4,0.3,0.7
TGAAGTC,0.42857142857142855,7,2,4,0.3,0.7
TGAAGGA,0.42857142857142855,7,2,4,0.3,0.7
TGACAAC,0.42857142857142855,7,2,4,0.3,0.7
TGACACA,0.42857142857142855,7,2,4,0.3,0.7
TGACATG,0.42857142857142855,7,2,4,0.3,0.7
TGACAGT,0.42857142857142855,7,2,4,0.3,0.7
TGACCAA,0.42857142857142855,7,2,4,0.3,0.7
TGACTAG,0.42857142857142855,7,2,4,0.3,0.7
TGACTCC,0.5714285714285714,7,2,4,0.3,0.7
TGACTGA,0.42857142857142855,7,2,4,0.3,0.7
TGACGAT,0.42857142857142855,7,2,4,0.3,0.7
TGACGTA,0.42857142857142855,7,2,4,0.3,0.7
TGATACG,0.42857142857142855,7,2,4,0.3,0.7
TGATAGC,0.42857142857142855,7,2,4,0.3,0.7
TGATCAG,0.42857142857142855,7,2,4,0.3,0.7
TGATCCC,0.5714285714285714,7,2,4,0.3,0.7
TGATCGA,0.42857142857142855,7,2,4,0.3,0.7
TGATTGG,0.42857142857142855,7,2,4,0.3,0.7
TGATGAC,0.42857142857142855,7,2,4,0.3,0.7
TGATGCA,0.42857142857142855,7,2,4,0.3,0.7
TGATGTG,0.42857142857142855,7,2,4,0.3,0.7
TGATGGT,0.42857142857142855,7,2,4,0.3,0.7
TGAGAAG,0.42857142857142855,7,2,4,0.3,0.7
TGAGACT,0.42857142857142855,7,2,4,0.3,0.7
TGAGATC,0.42857142857142855,7,2,4,0.3,0.7
TGAGAGA,0.42857142857142855,7,2,4,0.3,0.7
TGAGCAT,0.42857142857142855,7,2,4,0.3,0.7
TGAGCTA,0.42857142857142855,7,2,4,0.3,0.7
TGAGTAC,0.42857142857142855,7,2,4,0.3,0.7
TGAGTCA,0.42857142857142855,7,2,4,0.3,0.7
TGAGTTG,0.42857142857142855,7,2,4,0.3,0.7
TGAGTGT,0.42857142857142855,7,2,4,0.3,0.7
TGAGGAA,0.42857142857142855,7,2,4,0.3,0.7
TGAGGTT,0.42857142857142855,7,2,4,0.3,0.7
TGCAAAC,0.42857142857142855,7,2,4,0.3,0.7
TGCAACA,0.42857142857142855,7,2,4,0.3,0.7
TGCAATG,0.42857142857142855,7,2,4,0.3,0.7
TGCAAGT,0.42857142857142855,7,2,4,0.3,0.7
TGCACAA,0.42857142857142855,7,2,4,0.3,0.7
TGCACCT,0.5714285714285714,7,2,4,0.3,0.7
TGCACTC,0.5714285714285714,7,2,4,0.3,0.7
TGCATAG,0.42857142857142855,7,2,4,0.3,0.7
TGCATGA,0.42857142857142855,7,2,4,0.3,0.7
TGCAGAT,0.42857142857142855,7,2,4,0.3,0.7
TGCAGTA,0.42857142857142855,7,2,4,0.3,0.7
TGCCAAA,0.42857142857142855,7,2,4,0.3,0.7
TGCCACT,0.5714285714285714,7,2,4,0.3,0.7
TGCCATC,0.5714285714285714,7,2,4,0.3,0.7
TGCCCTA,0.5714285714285714,7,2,4,0.3,0.7
TGCCTAT,0.42857142857142855,7,2,4,0.3,0.7
TGCCTTG,0.5714285714285714,7,2,4,0.3,0.7
TGCTAAG,0.42857142857142855,7,2,4,0.3,0.7
TGCTAGA,0.42857142857142855,7,2,4,0.3,0.7
TGCTCAT,0.42857142857142855,7,2,4,0.3,0.7
TGCTCTG,0.5714285714285714,7,2,4,0.3,0.7
TGCTTAC,0.42857142857142855,7,2,4,0.3,0.7
TGCTTCA,0.42857142857142855,7,2,4,0.3,0.7
TGCTTGT,0.42857142857142855,7,2,4,0.3,0.7
TGCTGAA,0.42857142857142855,7,2,4,0.3,0.7
TGCTGCT,0.5714285714285714,7,2,4,0.3,0.7
TGCTGTC,0.5714285714285714,7,2,4,0.3,0.7
TGCGAAT,0.42857142857142855,7,2,4,0.3,0.7
TGCGATA,0.42857142857142855,7,2,4,0.3,0.7
TGCGTAA,0.42857142857142855,7,2,4,0.3,0.7
TGCGTCT,0.5714285714285714,7,2,4,0.3,0.7
TGCGTTC,0.5714285714285714,7,2,4,0.3,0.7
TGTAACG,0.42857142857142855,7,2,4,0.3,0.7
TGTAAGC,0.42857142857142855,7,2,4,0.3,0.7
TGTACAG,0.42857142857142855,7,2,4,0.3,0.7
TGTACGA,0.42857142857142855,7,2,4,0.3,0.7
TGTATCC,0.42857142857142855,7,2,4,0.3,0.7
TGTATGG,0.42857142857142855,7,2,4,0.3,0.7
TGTAGAC,0.42857142857142855,7,2,4,0.3,0.7
TGTAGCA,0.42857142857142855,7,2,4,0.3,0.7
TGTAGTG,0.42857142857142855,7,2,4,0.3,0.7
TGTAGGT,0.42857142857142855,7,2,4,0.3,0.7
TGTCAAG,0.42857142857142855,7,2,4,0.3,0.7
TGTCAGA,0.42857142857142855,7,2,4,0.3,0.7
TGTCCCT,0.5714285714285714,7,2,4,0.3,0.7
TGTCTAC,0.42857142857142855,7,2,4,0.3,0.7
TGTCTCG,0.5714285714285714,7,2,4,0.3,0.7
TGTCTGT,0.42857142857142855,7,2,4,0.3,0.7
TGTCGAA,0.42857142857142855,7,2,4,0.3,0.7
TGTTACC,0.42857142857142855,7,2,4,0.3,0.7
TGTTAGG,0.42857142857142855,7,2,4,0.3,0.7
TGTTCAC,0.42857142857142855,7,2,4,0.3,0.7
TGTTCCG,0.5714285714285714,7,2,4,0.3,0.7
TGTTCGT,0.42857142857142855,7,2,4,0.3,0.7
TGTTGAG,0.42857142857142855,7,2,4,0.3,0.7
TGTTGGA,0.42857142857142855,7,2,4,0.3,0.7
TGTGAAC,0.42857142857142855,7,2,4,0.3,0.7
TGTGACA,0.42857142857142855,7,2,4,0.3,0.7
TGTGATG,0.42857142857142855,7,2,4,0.3,0.7
TGTGAGT,0.42857142857142855,7,2,4,0.3,0.7
TGTGCAA,0.42857142857142855,7,2,4,0.3,0.7
TGTGCTC,0.5714285714285714,7,2,4,0.3,0.7
TGTGTAG,0.42857142857142855,7,2,4,0.3,0.7
TGTGTGA,0.42857142857142855,7,2,4,0.3,0.7
TGTGGAT,0.42857142857142855,7,2,4,0.3,0.7
TGTGGTA,0.42857142857142855,7,2,4,0.3,0.7
TGGAAAG,0.42857142857142855,7,2,4,0.3,0.7
TGGAACT,0.42857142857142855,7,2,4,0.3,0.7
TGGAATC,0.42857142857142855,7,2,4,0.3,0.7
TGGAAGA,0.42857142857142855,7,2,4,0.3,0.7
TGGACAT,0.42857142857142855,7,2,4,0.3,0.7
TGGACTA,0.42857142857142855,7,2,4,0.3,0.7
TGGATAC,0.42857142857142855,7,2,4,0.3,0.7
TGGATCA,0.42857142857142855,7,2,4,0.3,0.7
TGGATTG,0.42857142857142855,7,2,4,0.3,0.7
TGGATGT,0.42857142857142855,7,2,4,0.3,0.7
TGGAGAA,0.42857142857142855,7,2,4,0.3,0.7
TGGAGTT,0.42857142857142855,7,2,4,0.3,0.7
TGGCAAT,0.42857142857142855,7,2,4,0.3,0.7
TGGCATA,0.42857142857142855,7,2,4,0.3,0.7
TGGCCTT,0.5714285714285714,7,2,4,0.3,0.7
TGGCTAA,0.42857142857142855,7,2,4,0.3,0.7
TGGCTTC,0.5714285714285714,7,2,4,0.3,0.7
TGGTAAC,0.42857142857142855,7,2,4,0.3,0.7
TGGTACA,0.42857142857142855,7,2,4,0.3,0.7
TGGTATG,0.42857142857142855,7,2,4,0.3,0.7
TGGTAGT,0.42857142857142855,7,2,4,0.3,0.7
TGGTCAA,0.42857142857142855,7,2,4,0.3,0.7
TGGTCTC,0.5714285714285714,7,2,4,0.3,0.7
TGGTTAG,0.42857142857142855,7,2,4,0.3,0.7
TGGTTCC,0.5714285714285714,7,2,4,0.3,0.7
TGGTTGA,0.42857142857142855,7,2,4,0.3,0.7
TGGTGAT,0.42857142857142855,7,2,4,0.3,0.7
TGGTGTA,0.42857142857142855,7,2,4,0.3,0.7
TGGGAAA,0.42857142857142855,7,2,4,0.3,0.7
TGGGATT,0.42857142857142855,7,2,4,0.3,0.7
TGGGTAT,0.42857142857142855,7,2,4,0.3,0.7
TGGGTTA,0.42857142857142855,7,2,4,0.3,0.7
GAAACAG,0.42857142857142855,7,2,4,0.3,0.7
GAAACCT,0.42857142857142855,7,2,4,0.3,0.7
GAAACTC,0.42857142857142855,7,2,4,0.3,0.7
GAAACGA,0.42857142857142855,7,2,4,0.3,0.7
GAAATCG,0.42857142857142855,7,2,4,0.3,0.7
GAAATGC,0.42857142857142855,7,2,4,0.3,0.7
GAAAGAC,0.42857142857142855,7,2,4,0.3,0.7
GAAAGCA,0.42857142857142855,7,2,4,0.3,0.7
GAAAGTG,0.42857142857142855,7,2,4,0.3,0.7
GAAAGGT,0.42857142857142855,7,2,4,0.3,0.7
GAACAAG,0.42857142857142855,7,2,4,0.3,0.7
GAACACT,0.42857142857142855,7,2,4,0.3,0.7
GAACATC,0.42857142857142855,7,2,4,0.3,0.7
GAACAGA,0.42857142857142855,7,2,4,0.3,0.7
GAACCAT,0.42857142857142855,7,2,4,0.3,0.7
GAACCTA,0.42857142857142855,7,2,4,0.3,0.7
GAACTAC,0.42857142857142855,7,2,4,0.3,0.7
GAACTCA,0.42857142857142855,7,2,4,0.3,0.7
GAACTTG,0.42857142857142855,7,2,4,0.3,0.7
GAACTGT,0.42857142857142855,7,2,4,0.3,0.7
GAACGAA,0.42857142857142855,7,2,4,0.3,0.7
GAACGTT,0.42857142857142855,7,2,4,0.3,0.7
GAATACG,0.42857142857142855,7,2,4,0.3,0.7
GAATAGC,0.42857142857142855,7,2,4,0.3,0.7
GAATCAC,0.42857142857142855,7,2,4,0.3,0.7
GAATCCA,0.42857142857142855,7,2,4,0.3,0.7
GAATCTG,0.42857142857142855,7,2,4,0.3,0.7
GAATCGT,0.42857142857142855,7,2,4,0.3,0.7
GAATTCC,0.42857142857142855,7,2,4,0.3,0.7
GAATTGG,0.42857142857142855,7,2,4,0.3,0.7
GAATGAG,0.42857142857142855,7,2,4,0.3,0.7
GAATGCT,0.42857142857142855,7,2,4,0.3,0.7
GAATGTC,0.42857142857142855,7,2,4,0.3,0.7
GAATGGA,0.42857142857142855,7,2,4,0.3,0.7
GAAGAAC,0.42857142857142855,7,2,4,0.3,0.7
GAAGACA,0.42857142857142855,7,2,4,0.3,0.7
GAAGATG,0.42857142857142855,7,2,4,0.3,0.7
GAAGAGT,0.42857142857142855,7,2,4,0.3,0.7
GAAGCAA,0.42857142857142855,7,2,4,0.3,0.7
GAAGCTT,0.42857142857142855,7,2,4,0.3,0.7
GAAGTAG,0.42857142857142855,7,2,4,0.3,0.7
GAAGTCT,0.42857142857142855,7,2,4,0.3,0.7
GAAGTTC,0.42857142857142855,7,2,4,0.3,0.7
GAAGTGA,0.42857142857142855,7,2,4,0.3,0.7
GAAGGAT,0.42857142857142855,7,2,4,0.3,0.7
GAAGGTA,0.42857142857142855,7,2,4,0.3,0.7
GACAAAG,0.42857142857142855,7,2,4,0.3,0.7
GACAACT,0.42857142857142855,7,2,4,0.3,0.7
GACAATC,0.42857142857142855,7,2,4,0.3,0.7
GACAAGA,0.42857142857142855,7,2,4,0.3,0.7
GACACAT,0.42857142857142855,7,2,4,0.3,0.7
GACACTA,0.42857142857142855,7,2,4,0.3,0.7
GACATAC,0.42857142857142855,7,2,4,0.3,0.7
GACATCA,0.42857142857142855,7,2,4,0.3,0.7
GACATTG,0.42857142857142855,7,2,4,0.3,0.7
GACATGT,0.42857142857142855,7,2,4,0.3,0.7
GACAGAA,0.42857142857142855,7,2,4,0.3,0.7
GACAGTT,0.42857142857142855,7,2,4,0.3,0.7
GACCAAT,0.42857142857142855,7,2,4,0.3,0.7
GACCATA,0.42857142857142855,7,2,4,0.3,0.7
GACCTAA,0.42857142857142855,7,2,4,0.3,0.7
GACTAAC,0.42857142857142855,7,2,4,0.3,0.7
GACTACA,0.42857142857142855,7,2,4,0.3,0.7
GACTATG,0.42857142857142855,7,2,4,0.3,0.7
GACTAGT,0.42857142857142855,7,2,4,0.3,0.7
GACTCAA,0.42857142857142855,7,2,4,0.3,0.7
GACTTAG,0.42857142857142855,7,2,4,0.3,0.7
GACTTGA,0.42857142857142855,7,2,4,0.3,0.7
GACTGAT,0.42857142857142855,7,2,4,0.3,0.7
GACTGTA,0.42857142857142855,7,2,4,0.3,0.7
GACGAAA,0.42857142857142855,7,2,4,0.3,0.7
GACGATT,0.42857142857142855,7,2,4,0.3,0.7
GACGTAT,0.42857142857142855,7,2,4,0.3,0.7
GACGTTA,0.42857142857142855,7,2,4,0.3,0.7
GATAACG,0.42857142857142855,7,2,4,0.3,0.7
GATAAGC,0.42857142857142855,7,2,4,0.3,0.7
GATACAC,0.42857142857142855,7,2,4,0.3,0.7
GATACCA,0.42857142857142855,7,2,4,0.3,0.7
GATACTG,0.42857142857142855,7,2,4,0.3,0.7
GATACGT,0.42857142857142855,7,2,4,0.3,0.7
GATATCC,0.42857142857142855,7,2,4,0.3,0.7
GATATGG,0.42857142857142855,7,2,4,0.3,0.7
GATAGAG,0.42857142857142855,7,2,4,0.3,0.7
GATAGCT,0.42857142857142855,7,2,4,0.3,0.7
GATAGTC,0.42857142857142855,7,2,4,0.3,0.7
GATAGGA,0.42857142857142855,7,2,4,0.3,0.7
GATCAAC,0.42857142857142855,7,2,4,0.3,0.7
GATCACA,0.42857142857142855,7,2,4,0.3,0.7
GATCATG,0.42857142857142855,7,2,4,0.3,0.7
GATCAGT,0.42857142857142855,7,2,4,0.3,0.7
GATCCAA,0.42857142857142855,7,2,4,0.3,0.7
GATCTAG,0.42857142857142855,7,2,4,0.3,0.7
GATCTCT,0.42857142857142855,7,2,4,0.3,0.7
GATCTTC,0.42857142857142855,7,2,4,0.3,0.7
GATCTGA,0.42857142857142855,7,2,4,0.3,0.7
GATCGAT,0.42857142857142855,7,2,4,0.3,0.7
GATCGTA,0.42857142857142855,7,2,4,0.3,0.7
GATTACC,0.42857142857142855,7,2,4,0.3,0.7
GATTAGG,0.42857142857142855,7,2,4,0.3,0.7
GATTCAG,0.42857142857142855,7,2,4,0.3,0.7
GATTCCT,0.42857142857142855,7,2,4,0.3,0.7
GATTCTC,0.42857142857142855,7,2,4,0.3,0.7
GATTCGA,0.42857142857142855,7,2,4,0.3,0.7
GATTTCG,0.42857142857142855,7,2,4,0.3,0.7
GATTTGC,0.42857142857142855,7,2,4,0.3,0.7
GATTGAC,0.42857142857142855,7,2,4,0.3,0.7
GATTGCA,0.42857142857142855,7,2,4,0.3,0.7
GATTGTG,0.42857142857142855,7,2,4,0.3,0.7
GATTGGT,0.42857142857142855,7,2,4,0.3,0.7
GATGAAG,0.42857142857142855,7,2,4,0.3,0.7
GATGACT,0.42857142857142855,7,2,4,0.3,0.7
GATGATC,0.42857142857142855,7,2,4,0.3,0.7
GATGAGA,0.42857142857142855,7,2,4,0.3,0.7
GATGCAT,0.42857142857142855,7,2,4,0.3,0.7
GATGCTA,0.42857142857142855,7,2,4,0.3,0.7
GATGTAC,0.42857142857142855,7,2,4,0.3,0.7
GATGTCA,0.42857142857142855,7,2,4,0.3,0.7
GATGTTG,0.42857142857142855,7,2,4,0.3,0.7
GATGTGT,0.42857142857142855,7,2,4,0.3,0.7
GATGGAA,0.42857142857142855,7,2,4,0.3,0.7
GATGGTT,0.42857142857142855,7,2,4,0.3,0.7
GAGAAAC,0.42857142857142855,7,2,4,0.3,0.7
GAGAACA,0.42857142857142855,7,2,4,0.3,0.7
GAGAATG,0.42857142857142855,7,2,4,0.3,0.7
GAGAAGT,0.42857142857142855,7,2,4,0.3,0.7
GAGACAA,0.42857142857142855,7,2,4,0.3,0.7
GAGACTT,0.42857142857142855,7,2,4,0.3,0.7
GAGATAG,0.42857142857142855,7,2,4,0.3,0.7
GAGATCT,0.42857142857142855,7,2,4,0.3,0.7
GAGATTC,0.42857142857142855,7,2,4,0.3,0.7
GAGATGA,0.42857142857142855,7,2,4,0.3,0.7
GAGAGAT,0.42857142857142855,7,2,4,0.3,0.7
GAGAGTA,0.42857142857142855,7,2,4,0.3,0.7
GAGCAAA,0.42857142857142855,7,2,4,0.3,0.7
GAGCATT,0.42857142857142855,7,2,4,0.3,0.7
GAGCTAT,0.42857142857142855,7,2,4,0.3,0.7
GAGCTTA,0.42857142857142855,7,2,4,0.3,0.7
GAGTAAG,0.42857142857142855,7,2,4,0.3,0.7
GAGTACT,0.42857142857142855,7,2,4,0.3,0.7
GAGTATC,0.42857142857142855,7,2,4,0.3,0.7
GAGTAGA,0.42857142857142855,7,2,4,0.3,0.7
GAGTCAT,0.42857142857142855,7,2,4,0.3,0.7
GAGTCTA,0.42857142857142855,7,2,4,0.3,0.7
GAGTTAC,0.42857142857142855,7,2,4,0.3,0.7
GAGTTCA,0.42857142857142855,7,2,4,0.3,0.7
GAGTTTG,0.42857142857142855,7,2,4,0.3,0.7
GAGTTGT,0.42857142857142855,7,2,4,0.3,0.7
GAGTGAA,0.42857142857142855,7,2,4,0.3,0.7
GAGTGTT,0.42857142857142855,7,2,4,0.3,0.7
GAGGAAT,0.42857142857142855,7,2,4,0.3,0.7
GAGGATA,0.42857142857142855,7,2,4,0.3,0.7
GAGGTAA,0.42857142857142855,7,2,4,0.3,0.7
GAGGTTT,0.42857142857142855,7,2,4,0.3,0.7
GCAAACT,0.42857142857142855,7,2,4,0.3,0.7
GCAAATG,0.42857142857142855,7,2,4,0.3,0.7
GCAAAGA,0.42857142857142855,7,2,4,0.3,0.7
GCAACAT,0.42857142857142855,7,2,4,0.3,0.7
GCAACTA,0.42857142857142855,7,2,4,0.3,0.7
GCAATAG,0.42857142857142855,7,2,4,0.3,0.7
GCAATCA,0.42857142857142855,7,2,4,0.3,0.7
GCAATTC,0.42857142857142855,7,2,4,0.3,0.7
GCAATGT,0.42857142857142855,7,2,4,0.3,0.7
GCAAGAA,0.42857142857142855,7,2,4,0.3,0.7
GCAAGTT,0.42857142857142855,7,2,4,0.3,0.7
GCACAAT,0.42857142857142855,7,2,4,0.3,0.7
GCACATA,0.42857142857142855,7,2,4,0.3,0.7
GCACTAA,0.42857142857142855,7,2,4,0.3,0.7
GCACTTT,0.42857142857142855,7,2,4,0.3,0.7
GCATAAG,0.42857142857142855,7,2,4,0.3,0.7
GCATACA,0.42857142857142855,7,2,4,0.3,0.7
GCATATC,0.42857142857142855,7,2,4,0.3,0.7
GCATAGT,0.42857142857142855,7,2,4,0.3,0.7
GCATCAA,0.42857142857142855,7,2,4,0.3,0.7
GCATCTT,0.42857142857142855,7,2,4,0.3,0.7
GCATTAC,0.42857142857142855,7,2,4,0.3,0.7
GCATTTG,0.42857142857142855,7,2,4,0.3,0.7
GCATTGA,0.42857142857142855,7,2,4,0.3,0.7
GCATGAT,0.42857142857142855,7,2,4,0.3,0.7
GCATGTA,0.42857142857142855,7,2,4,0.3,0.7
GCAGAAA,0.42857142857142855,7,2,4,0.3,0.7
GCAGATT,0.42857142857142855,7,2,4,0.3,0.7
GCAGTAT,0.42857142857142855,7,2,4,0.3,0.7
GCAGTTA,0.42857142857142855,7,2,4,0.3,0.7
GCCAATT,0.42857142857142855,7,2,4,0.3,0.7
GCCATAT,0.42857142857142855,7,2,4,0.3,0.7
GCCATTA,0.42857142857142855,7,2,4,0.3,0.7
GCCTAAT,0.42857142857142855,7,2,4,0.3,0.7
GCCTATA,0.42857142857142855,7,2,4,0.3,0.7
GCCTTAA,0.42857142857142855,7,2,4,0.3,0.7
GCTAAAG,0.42857142857142855,7,2,4,0.3,0.7
GCTAACA,0.42857142857142855,7,2,4,0.3,0.7
GCTAATC,0.42857142857142855,7,2,4,0.3,0.7
GCTAAGT,0.42857142857142855,7,2,4,0.3,0.7
GCTACAA,0.42857142857142855,7,2,4,0.3,0.7
GCTACCT,0.5714285714285714,7,2,4,0.3,0.7
GCTATAC,0.42857142857142855,7,2,4,0.3,0.7
GCTATCG,0.5714285714285714,7,2,4,0.3,0.7
GCTATGA,0.42857142857142855,7,2,4,0.3,0.7
GCTAGAT,0.42857142857142855,7,2,4,0.3,0.7
GCTAGTA,0.42857142857142855,7,2,4,0.3,0.7
GCTCAAA,0.42857142857142855,7,2,4,0.3,0.7
GCTCACT,0.5714285714285714,7,2,4,0.3,0.7
GCTCTAT,0.42857142857142855,7,2,4,0.3,0.7
GCTTAAC,0.42857142857142855,7,2,4,0.3,0.7
GCTTACG,0.5714285714285714,7,2,4,0.3,0.7
GCTTAGA,0.42857142857142855,7,2,4,0.3,0.7
GCTTCAT,0.42857142857142855,7,2,4,0.3,0.7
GCTTCTA,0.42857142857142855,7,2,4,0.3,0.7
GCTTTAG,0.42857142857142855,7,2,4,0.3,0.7
GCTTTCA,0.42857142857142855,7,2,4,0.3,0.7
GCTTTGT,0.42857142857142855,7,2,4,0.3,0.7
GCTTGAA,0.42857142857142855,7,2,4,0.3,0.7
GCTTGCT,0.5714285714285714,7,2,4,0.3,0.7
GCTGAAT,0.42857142857142855,7,2,4,0.3,0.7
GCTGATA,0.42857142857142855,7,2,4,0.3,0.7
GCTGTAA,0.42857142857142855,7,2,4,0.3,0.7
GCTGTCT,0.5714285714285714,7,2,4,0.3,0.7
GCGAAAT,0.42857142857142855,7,2,4,0.3,0.7
GCGAATA,0.42857142857142855,7,2,4,0.3,0.7
GCGATAA,0.42857142857142855,7,2,4,0.3,0.7
GCGATTT,0.42857142857142855,7,2,4,0.3,0.7
GCGTAAA,0.42857142857142855,7,2,4,0.3,0.7
GCGTATT,0.42857142857142855,7,2,4,0.3,0.7
GCGTTAT,0.42857142857142855,7,2,4,0.3,0.7
GCGTTTA,0.42857142857142855,7,2,4,0.3,0.7
GTAAACG,0.42857142857142855,7,2,4,0.3,0.7
GTAAAGC,0.42857142857142855,7,2,4,0.3,0.7
GTAACAC,0.42857142857142855,7,2,4,0.3,0.7
GTAACCA,0.42857142857142855,7,2,4,0.3,0.7
GTAACTG,0.42857142857142855,7,2,4,0.3,0.7
GTAACGT,0.42857142857142855,7,2,4,0.3,0.7
GTAATCC,0.42857142857142855,7,2,4,0.3,0.7
GTAATGG,0.42857142857142855,7,2,4,0.3,0.7
GTAAGAG,0.42857142857142855,7,2,4,0.3,0.7
GTAAGCT,0.42857142857142855,7,2,4,0.3,0.7
GTAAGTC,0.42857142857142855,7,2,4,0.3,0.7
GTAAGGA,0.42857142857142855,7,2,4,0.3,0.7
GTACAAC,0.42857142857142855,7,2,4,0.3,0.7
GTACACA,0.42857142857142855,7,2,4,0.3,0.7
GTACATG,0.42857142857142855,7,2,4,0.3,0.7
GTACAGT,0.42857142857142855,7,2,4,0.3,0.7
GTACCAA,0.42857142857142855,7,2,4,0.3,0.7
GTACTAG,0.42857142857142855,7,2,4,0.3,0.7
GTACTCT,0.42857142857142855,7,2,4,0.3,0.7
GTACTTC,0.42857142857142855,7,2,4,0.3,0.7
GTACTGA,0.42857142857142855,7,2,4,0.3,0.7
GTACGAT,0.42857142857142855,7,2,4,0.3,0.7
GTACGTA,0.42857142857142855,7,2,4,0.3,0.7
GTATACC,0.42857142857142855,7,2,4,0.3,0.7
GTATAGG,0.42857142857142855,7,2,4,0.3,0.7
GTATCAG,0.42857142857142855,7,2,4,0.3,0.7
GTATCCT,0.42857142857142855,7,2,4,0.3,0.7
GTATCTC,0.42857142857142855,7,2,4,0.3,0.7
GTATCGA,0.42857142857142855,7,2,4,0.3,0.7
GTATTCG,0.42857142857142855,7,2,4,0.3,0.7
GTATTGC,0.42857142857142855,7,2,4,0.3,0.7
GTATGAC,0.42857142857142855,7,2,4,0.3,0.7
GTATGCA,0.42857142857142855,7,2,4,0.3,0.7
GTATGTG,0.42857142857142855,7,2,4,0.3,0.7
GTATGGT,0.42857142857142855,7,2,4,0.3,0.7
GTAGAAG,0.42857142857142855,7,2,4,0.3,0.7
GTAGACT,0.42857142857142855,7,2,4,0.3,0.7
GTAGATC,0.42857142857142855,7,2,4,0.3,0.7
GTAGAGA,0.42857142857142855,7,2,4,0.3,0.7
GTAGCAT,0.42857142857142855,7,2,4,0.3,0.7
GTAGCTA,0.42857142857142855,7,2,4,0.3,0.7
GTAGTAC,0.42857142857142855,7,2,4,0.3,0.7
GTAGTCA,0.42857142857142855,7,2,4,0.3,0.7
GTAGTTG,0.42857142857142855,7,2,4,0.3,0.7
GTAGTGT,0.42857142857142855,7,2,4,0.3,0.7
GTAGGAA,0.42857142857142855,7,2,4,0.3,0.7
GTAGGTT,0.42857142857142855,7,2,4,0.3,0.7
GTCAAAC,0.42857142857142855,7,2,4,0.3,0.7
GTCAACA,0.42857142857142855,7,2,4,0.3,0.7
GTCAATG,0.42857142857142855,7,2,4,0.3,0.7
GTCAAGT,0.42857142857142855,7,2,4,0.3,0.7
GTCACAA,0.42857142857142855,7,2,4,0.3,0.7
GTCACCT,0.5714285714285714,7,2,4,0.3,0.7
GTCACTC,0.5714285714285714,7,2,4,0.3,0.7
GTCATAG,0.42857142857142855,7,2,4,0.3,0.7
GTCATGA,0.42857142857142855,7,2,4,0.3,0.7
GTCAGAT,0.42857142857142855,7,2,4,0.3,0.7
GTCAGTA,0.42857142857142855,7,2,4,0.3,0.7
GTCCAAA,0.42857142857142855,7,2,4,0.3,0.7
GTCCACT,0.5714285714285714,7,2,4,0.3,0.7
GTCCATC,0.5714285714285714,7,2,4,0.3,0.7
GTCCCTT,0.5714285714285714,7,2,4,0.3,0.7
GTCCTGT,0.5714285714285714,7,2,4,0.3,0.7
GTCTAAG,0.42857142857142855,7,2,4,0.3,0.7
GTCTAGA,0.42857142857142855,7,2,4,0.3,0.7
GTCTCAT,0.42857142857142855,7,2,4,0.3,0.7
GTCTCTA,0.42857142857142855,7,2,4,0.3,0.7
GTCTTAC,0.42857142857142855,7,2,4,0.3,0.7
GTCTTCA,0.42857142857142855,7,2,4,0.3,0.7
GTCTTTG,0.42857142857142855,7,2,4,0.3,0.7
GTCTGAA,0.42857142857142855,7,2,4,0.3,0.7
GTCTGCT,0.5714285714285714,7,2,4,0.3,0.7
GTCTGTC,0.5714285714285714,7,2,4,0.3,0.7
GTCGAAT,0.42857142857142855,7,2,4,0.3,0.7
GTCGATA,0.42857142857142855,7,2,4,0.3,0.7
GTCGTAA,0.42857142857142855,7,2,4,0.3,0.7
GTCGTCT,0.5714285714285714,7,2,4,0.3,0.7
GTCGTTC,0.5714285714285714,7,2,4,0.3,0.7
GTTAACC,0.42857142857142855,7,2,4,0.3,0.7
GTTAAGG,0.42857142857142855,7,2,4,0.3,0.7
GTTACAG,0.42857142857142855,7,2,4,0.3,0.7
GTTACGA,0.42857142857142855,7,2,4,0.3,0.7
GTTATGC,0.42857142857142855,7,2,4,0.3,0.7
GTTAGAC,0.42857142857142855,7,2,4,0.3,0.7
GTTAGCA,0.42857142857142855,7,2,4,0.3,0.7
GTTAGTG,0.42857142857142855,7,2,4,0.3,0.7
GTTAGGT,0.42857142857142855,7,2,4,0.3,0.7
GTTCAAG,0.42857142857142855,7,2,4,0.3,0.7
GTTCAGA,0.42857142857142855,7,2,4,0.3,0.7
GTTCCCT,0.5714285714285714,7,2,4,0.3,0.7
GTTCTAC,0.42857142857142855,7,2,4,0.3,0.7
GTTCTCG,0.5714285714285714,7,2,4,0.3,0.7
GTTCGAA,0.42857142857142855,7,2,4,0.3,0.7
GTTTAGC,0.42857142857142855,7,2,4,0.3,0.7
GTTTCAC,0.42857142857142855,7,2,4,0.3,0.7
GTTTCCG,0.5714285714285714,7,2,4,0.3,0.7
GTTTCGT,0.42857142857142855,7,2,4,0.3,0.7
GTTTGAG,0.42857142857142855,7,2,4,0.3,0.7
GTTTGGA,0.42857142857142855,7,2,4,0.3,0.7
GTTGAAC,0.42857142857142855,7,2,4,0.3,0.7
GTTGACA,0.42857142857142855,7,2,4,0.3,0.7
GTTGATG,0.42857142857142855,7,2,4,0.3,0.7
GTTGAGT,0.42857142857142855,7,2,4,0.3,0.7
GTTGCAA,0.42857142857142855,7,2,4,0.3,0.7
GTTGCTC,0.5714285714285714,7,2,4,0.3,0.7
GTTGTAG,0.42857142857142855,7,2,4,0.3,0.7
GTTGTGA,0.42857142857142855,7,2,4,0.3,0.7
GTTGGAT,0.42857142857142855,7,2,4,0.3,0.7
GTTGGTA,0.42857142857142855,7,2,4,0.3,0.7
GTGAAAG,0.42857142857142855,7,2,4,0.3,0.7
GTGAACT,0.42857142857142855,7,2,4,0.3,0.7
GTGAATC,0.42857142857142855,7,2,4,0.3,0.7
GTGAAGA,0.42857142857142855,7,2,4,0.3,0.7
GTGACAT,0.42857142857142855,7,2,4,0.3,0.7
GTGACTA,0.42857142857142855,7,2,4,0.3,0.7
GTGATAC,0.42857142857142855,7,2,4,0.3,0.7
GTGATCA,0.42857142857142855,7,2,4,0.3,0.7
GTGATTG,0.42857142857142855,7,2,4,0.3,0.7
GTGATGT,0.42857142857142855,7,2,4,0.3,0.7
GTGAGAA,0.42857142857142855,7,2,4,0.3,0.7
GTGAGTT,0.42857142857142855,7,2,4,0.3,0.7
GTGCAAT,0.42857142857142855,7,2,4,0.3,0.7
GTGCATA,0.42857142857142855,7,2,4,0.3,0.7
GTGCTAA,0.42857142857142855,7,2,4,0.3,0.7
GTGCTTT,0.42857142857142855,7,2,4,0.3,0.7
GTGTAAC,0.42857142857142855,7,2,4,0.3,0.7
GTGTACA,0.42857142857142855,7,2,4,0.3,0.7
GTGTATG,0.42857142857142855,7,2,4,0.3,0.7
GTGTAGT,0.42857142857142855,7,2,4,0.3,0.7
GTGTCAA,0.42857142857142855,7,2,4,0.3,0.7
GTGTCTT,0.42857142857142855,7,2,4,0.3,0.7
GTGTTAG,0.42857142857142855,7,2,4,0.3,0.7
GTGTTCT,0.42857142857142855,7,2,4,0.3,0.7
GTGTTTC,0.42857142857142855,7,2,4,0.3,0.7
GTGTTGA,0.42857142857142855,7,2,4,0.3,0.7
GTGTGAT,0.42857142857142855,7,2,4,0.3,0.7
GTGTGTA,0.42857142857142855,7,2,4,0.3,0.7
GTGGAAA,0.42857142857142855,7,2,4,0.3,0.7
GTGGATT,0.42857142857142855,7,2,4,0.3,0.7
GTGGTAT,0.42857142857142855,7,2,4,0.3,0.7
GTGGTTA,0.42857142857142855,7,2,4,0.3,0.7
GGAAACA,0.42857142857142855,7,2,4,0.3,0.7
GGAAATC,0.42857142857142855,7,2,4,0.3,0.7
GGAAAGT,0.42857142857142855,7,2,4,0.3,0.7
GGAACAA,0.42857142857142855,7,2,4,0.3,0.7
GGAACTT,0.42857142857142855,7,2,4,0.3,0.7
GGAATAC,0.42857142857142855,7,2,4,0.3,0.7
GGAATCT,0.42857142857142855,7,2,4,0.3,0.7
GGAATTG,0.42857142857142855,7,2,4,0.3,0.7
GGAATGA,0.42857142857142855,7,2,4,0.3,0.7
GGAAGAT,0.42857142857142855,7,2,4,0.3,0.7
GGAAGTA,0.42857142857142855,7,2,4,0.3,0.7
GGACAAA,0.42857142857142855,7,2,4,0.3,0.7
GGACATT,0.42857142857142855,7,2,4,0.3,0.7
GGACTAT,0.42857142857142855,7,2,4,0.3,0.7
GGACTTA,0.42857142857142855,7,2,4,0.3,0.7
GGATAAC,0.42857142857142855,7,2,4,0.3,0.7
GGATACT,0.42857142857142855,7,2,4,0.3,0.7
GGATATG,0.42857142857142855,7,2,4,0.3,0.7
GGATAGA,0.42857142857142855,7,2,4,0.3,0.7
GGATCAT,0.42857142857142855,7,2,4,0.3,0.7
GGATCTA,0.42857142857142855,7,2,4,0.3,0.7
GGATTAG,0.42857142857142855,7,2,4,0.3,0.7
GGATTCA,0.42857142857142855,7,2,4,0.3,0.7
GGATTTC,0.42857142857142855,7,2,4,0.3,0.7
GGATTGT,0.42857142857142855,7,2,4,0.3,0.7
GGATGAA,0.42857142857142855,7,2,4,0.3,0.7
GGATGTT,0.42857142857142855,7,2,4,0.3,0.7
GGAGAAT,0.42857142857142855,7,2,4,0.3,0.7
GGAGATA,0.42857142857142855,7,2,4,0.3,0.7
GGAGTAA,0.42857142857142855,7,2,4,0.3,0.7
GGAGTTT,0.42857142857142855,7,2,4,0.3,0.7
GGCAAAT,0.42857142857142855,7,2,4,0.3,0.7
GGCAATA,0.42857142857142855,7,2,4,0.3,0.7
GGCATAA,0.42857142857142855,7,2,4,0.3,0.7
GGCATTC,0.5714285714285714,7,2,4,0.3,0.7
GGCCTTT,0.5714285714285714,7,2,4,0.3,0.7
GGCTAAA,0.42857142857142855,7,2,4,0.3,0.7
GGCTATC,0.5714285714285714,7,2,4,0.3,0.7
GGCTCTT,0.5714285714285714,7,2,4,0.3,0.7
GGCTTAT,0.42857142857142855,7,2,4,0.3,0.7
GGCTTTA,0.42857142857142855,7,2,4,0.3,0.7
GGTAAAC,0.42857142857142855,7,2,4,0.3,0.7
GGTAACT,0.42857142857142855,7,2,4,0.3,0.7
GGTAATG,0.42857142857142855,7,2,4,0.3,0.7
GGTAAGA,0.42857142857142855,7,2,4,0.3,0.7
GGTACAT,0.42857142857142855,7,2,4,0.3,0.7
GGTACTA,0.42857142857142855,7,2,4,0.3,0.7
GGTATAG,0.42857142857142855,7,2,4,0.3,0.7
GGTATCA,0.42857142857142855,7,2,4,0.3,0.7
GGTATGT,0.42857142857142855,7,2,4,0.3,0.7
GGTAGAA,0.42857142857142855,7,2,4,0.3,0.7
GGTAGTT,0.42857142857142855,7,2,4,0.3,0.7
GGTCAAT,0.42857142857142855,7,2,4,0.3,0.7
GGTCATA,0.42857142857142855,7,2,4,0.3,0.7
GGTCCTT,0.5714285714285714,7,2,4,0.3,0.7
GGTCTAA,0.42857142857142855,7,2,4,0.3,0.7
GGTCTTG,0.5714285714285714,7,2,4,0.3,0.7
GGTTAAG,0.42857142857142855,7,2,4,0.3,0.7
GGTTACA,0.42857142857142855,7,2,4,0.3,0.7
GGTTAGT,0.42857142857142855,7,2,4,0.3,0.7
GGTTCAA,0.42857142857142855,7,2,4,0.3,0.7
GGTTCTG,0.5714285714285714,7,2,4,0.3,0.7
GGTTTAC,0.42857142857142855,7,2,4,0.3,0.7
GGTTTCT,0.42857142857142855,7,2,4,0.3,0.7
GGTTTGA,0.42857142857142855,7,2,4,0.3,0.7
GGTTGAT,0.42857142857142855,7,2,4,0.3,0.7
GGTTGTA,0.42857142857142855,7,2,4,0.3,0.7
GGTGAAA,0.42857142857142855,7,2,4,0.3,0.7
GGTGATT,0.42857142857142855,7,2,4,0.3,0.7
GGTGTAT,0.42857142857142855,7,2,4,0.3,0.7
GGTGTTA,0.42857142857142855,7,2,4,0.3,0.7
GGGAATT,0.42857142857142855,7,2,4,0.3,0.7
GGGATAT,0.42857142857142855,7,2,4,0.3,0.7
GGGATTA,0.42857142857142855,7,2,4,0.3,0.7
GGGTAAT,0.42857142857142855,7,2,4,0.3,0.7
GGGTATA,0.42857142857142855,7,2,4,0.3,0.7
GGGTTAA,0.42857142857142855,7,2,4,0.3,0.7
